sched,carga,pathloss,alpha,seed_count,jfi_slots_mean,jfi_slots_std,jfi_slots_ci95,jfi_throughput_mean,jfi_throughput_std,jfi_throughput_ci95,jfi_win_mean,jfi_win_std,jfi_win_ci95,starv_p95_mean,starv_p95_std,starv_p95_ci95,starv_max_mean,starv_max_std,starv_max_ci95,throughput_aggregate_bps_mean,throughput_aggregate_bps_std,throughput_aggregate_bps_ci95,throughput_mean_per_ue_bps_mean,throughput_mean_per_ue_bps_std,throughput_mean_per_ue_bps_ci95,thr_5pct_mean,thr_5pct_std,thr_5pct_ci95,nunca_mean,nunca_std,nunca_ci95,gini_slots_mean,gini_slots_std,gini_slots_ci95,gini_throughput_mean,gini_throughput_std,gini_throughput_ci95,j_beta_-3.0_mean,j_beta_-3.0_std,j_beta_-3.0_ci95,j_beta_-2.0_mean,j_beta_-2.0_std,j_beta_-2.0_ci95,j_beta_-1.0_mean,j_beta_-1.0_std,j_beta_-1.0_ci95,j_beta_+0.0_mean,j_beta_+0.0_std,j_beta_+0.0_ci95,j_beta_+0.5_mean,j_beta_+0.5_std,j_beta_+0.5_ci95,j_beta_+0.9_mean,j_beta_+0.9_std,j_beta_+0.9_ci95
MaxCI,2,False,,50,0.9999372173743828,7.973388621663333e-05,2.21011056805821e-05,0.9999283972509707,9.376885478323329e-05,2.599140048787779e-05,0.9566935600271265,0.0026386823058468503,0.0007314054195296152,5.0,0.0,0.0,14.68,2.004484767633186,0.5556148306155982,68476795.4,156785.0159147479,43458.58919316953,34238397.7,78392.50795737395,21729.294596584765,34029077.518,184360.7225030714,51102.185090018254,0.0,0.0,0.0,0.0032219999999999784,0.0023292540629557814,0.0006456362864647613,0.0033972183242742737,0.0025481149002348903,0.0007063014154778409,0.9998744923393608,0.00015934154715113835,4.4167223498007765e-05,0.9999058451264891,0.0001195590367082567,3.314007419854755e-05,0.9999372173743828,7.973388621663913e-05,2.210110568058371e-05,0.999968604024002,3.9877167522439244e-05,1.1053386903294468e-05,0.9999843011638777,1.9940443545373504e-05,5.527208957514041e-06,0.9999968601275959,3.98831935903339e-06,1.1055057244095572e-06
MaxCI,2,True,1.5,50,0.8595853958494931,0.1514772140073596,0.04198734156618114,0.831080488664106,0.16695644904040338,0.04627796661348383,0.8371130770875149,0.13472438780527743,0.0373436950576606,5.3,1.4033487645991785,0.38898843170459446,48.14,106.23693389047419,29.447375695637128,68648711.31917968,332719.88560219295,92225.24703920979,34324355.65958984,166359.94280109648,46112.623519604895,21623465.281220704,9541399.147829829,2644740.9114597025,0.0,0.0,0.0,0.17895200000000006,0.14331518603043703,0.03972494283654036,0.20503328046956082,0.1551659901367645,0.0430098181434106,0.8256696479606547,0.1612110166258292,0.04468541399877562,0.8387358113253621,0.1586238536243683,0.04396828900184739,0.8595853958494931,0.1514772140073596,0.04198734156618114,0.8983495101275354,0.12936746459516146,0.03585883170021851,0.933978784491976,0.09851001508635227,0.02730558307548072,0.9825356450989066,0.03244713561523726,0.008993887132456612
MaxCI,2,True,2.0,50,0.8213211189084698,0.16891265974672812,0.04682020055698563,0.7906754632543564,0.18120376552508127,0.050227121260694264,0.8026081584855622,0.1519359671037544,0.04211450143691877,5.2,1.5907898179514348,0.4409444409446614,168.94,734.8773439236272,203.69760726567216,68721442.82478333,397946.25515158003,110305.07426166593,34360721.41239166,198973.12757579001,55152.53713083296,19374075.89954416,10202874.897086823,2828092.634712612,0.0,0.0,0.0,0.214028,0.1564062411197983,0.04335359817655739,0.2415983892543674,0.16591569197487033,0.045989483473070185,0.787107320147474,0.17374158139839005,0.04815870934930344,0.7999737164927673,0.1730206202074952,0.047958869102858244,0.8213211189084698,0.16891265974672814,0.04682020055698564,0.8640613127756519,0.15090841049610998,0.04182967727675395,0.9073288036626623,0.12080346201766497,0.03348501129593295,0.9735184259780054,0.04451528363506783,0.012339007098521211
MaxCI,2,True,2.5,50,0.7901848109464216,0.17922508462023967,0.04967865889593208,0.7591709791003863,0.1882952812369224,0.05219278912939792,0.7741143723960134,0.16251627958275058,0.045047214431699345,4.96,1.8065639953756842,0.5007539914968226,109.1,307.9392499059726,85.35640526638875,68790386.30266601,449705.09257283766,124651.89203301203,34395193.151333004,224852.54628641883,62325.946016506015,17638721.163532715,10527739.649942867,2918140.5500401077,0.02,0.14142135623730948,0.03919999999999999,0.24210600000000004,0.16413638730255609,0.04549628538043078,0.2698116095385049,0.17119375228620654,0.04745248715023189,0.7569479558732372,0.1802522737342859,0.04996338119206849,0.7692360935011239,0.18084882650019754,0.05012873718246428,0.7901848109464216,0.17922508462023967,0.04967865889593208,0.8343329557776219,0.16578458337227103,0.045953142022538,0.882409799795871,0.13830420190793077,0.03833596890199099,0.9595988874763599,0.07952073647930546,0.02204202358771042
MaxCI,2,True,3.0,50,0.7645411965626756,0.18524713455678402,0.05134788597586768,0.7339724583743092,0.1914584223406781,0.053069567110929625,0.7504670663868686,0.16892471484660432,0.0468235420601908,4.76,1.901234829670186,0.526995407949633,205.5,689.5383918807937,191.13029093265146,68854366.60091767,490337.18743656774,135914.5341192998,34427183.30045883,245168.59371828387,67957.2670596499,16260798.30287178,10657098.888032386,2953997.1014692993,0.02,0.14142135623730948,0.03919999999999999,0.26502400000000004,0.16860369250562282,0.04673455920709641,0.292214922413012,0.17330153650068048,0.048036735126674224,0.732826047523247,0.18353036838504097,0.050872022671181225,0.7443975604078699,0.18505603859661282,0.051294916878144275,0.7645411965626756,0.18524713455678402,0.05134788597586768,0.8086497822691378,0.17612031736004263,0.048818061318325084,0.859718276141283,0.15154436344443564,0.0420059544405264,0.9505232417663048,0.08486694695808805,0.023523917527523933
MaxCI,2,True,3.5,50,0.743502627710241,0.18832018834452047,0.05219969302739339,0.7135848953676495,0.19243408554203553,0.05334000715273655,0.7309170007694687,0.17229360114063705,0.04775734969886514,4.44,2.1491336650390274,0.5957094593843545,178.32,487.0507428620235,135.00357815939546,68913101.49707642,522144.8430670205,144731.16644335614,34456550.74853821,261072.42153351026,72365.58322167807,15147137.750222595,10668851.443806384,2957254.7437278535,0.04,0.19794866372215744,0.0548685702383432,0.28376199999999996,0.17063836194521714,0.0472985408019148,0.31032687813858445,0.17350023150745134,0.04809181057265105,0.7133833463020328,0.18467568925206626,0.05118948941865078,0.7242582968585825,0.18687264844500567,0.051798455438031264,0.7435026277102409,0.18832018834452047,0.05219969302739339,0.7870132271274474,0.18257985228097584,0.05060855304911913,0.8397306907771516,0.1613940656676512,0.04473615260453034,0.9375833027127937,0.1050363945423884,0.029114603166104935
MaxCI,2,True,4.0,50,0.725716283208946,0.19000661183873258,0.05266714577096759,0.6968850530789203,0.19242180516393786,0.05333660320559422,0.7142356610005676,0.1742167869852358,0.04829042961772665,4.36,2.2475383359196726,0.6229858425357673,273.96,765.3539653290483,212.14529572573605,68965450.85655946,545499.8044166327,151204.8314488631,34482725.42827973,272749.9022083164,75602.41572443154,14234331.233731477,10632138.463993998,2947078.4249105556,0.04,0.19794866372215744,0.0548685702383432,0.29954000000000003,0.17156288666734612,0.04755480598046846,0.3251729293807687,0.17291189005924323,0.04792873064340007,0.6972539138854856,0.1848254832489017,0.05123101019622058,0.7074587796303597,0.18757369043980907,0.051992774365012706,0.725716283208946,0.19000661183873258,0.05266714577096759,0.7681298124757006,0.18695105999666212,0.05182019001127192,0.8215855206880889,0.16907127371521316,0.04686416610596665,0.9291330450958608,0.10860725758661077,0.030104395903622103
MaxCI,4,False,,50,0.9996878930829703,0.0002891397317091378,8.014544468078021e-05,0.9996646345545274,0.00030347122382778767,8.411793162333481e-05,0.9327158859767576,0.003428053201992501,0.0009502078688356847,11.0,0.0,0.0,34.04,4.140196189771195,1.1476038340821277,79378854.76,145915.98991585843,40445.848893596136,19844713.69,36478.99747896461,10111.462223399034,19459419.998,174800.04508984758,48452.10051602023,0.0,0.0,0.0,0.008529999999999989,0.0039602102603425605,0.0010977142797650046,0.008860126240888465,0.004142531925922177,0.0011482512671117252,0.999375114501851,0.0005813136848035632,0.0001611319326202864,0.9995315592062236,0.0004348893444876232,0.00012054517618476458,0.9996878930829703,0.00028913973170914526,8.014544468078228e-05,0.9998440587326072,0.0001441497128909174,3.995626188057453e-05,0.9999220608718374,7.196494036723806e-05,1.9947663757812942e-05,0.999984417543222,1.4374945600046807e-05,3.9845316330884815e-06
MaxCI,4,True,1.5,50,0.6945675742805697,0.20365208045706648,0.056449476700824515,0.662004734339714,0.21160868201721345,0.058654934132829226,0.6701489487612313,0.18340362819538847,0.05083689208294078,12.6,3.3073819722257785,0.9167595104497143,194.96,385.22709761216674,106.77950366320306,80750833.36904296,1274701.932587117,353329.3491653875,20187708.34226074,318675.48314677924,88332.33729134688,7526643.321518554,4940323.556596457,1369387.8249449988,0.0,0.0,0.0,0.3416910000000001,0.17524104760097078,0.04857434017554535,0.3704596590421769,0.18215878900074342,0.05049184026242082,0.6289593063372293,0.20401992477361255,0.05655143794339956,0.6533680426947681,0.20576888608747024,0.05703622528618375,0.6945675742805697,0.2036520804570665,0.05644947670082452,0.776109672411043,0.18441107876272572,0.051116143133067546,0.8538346789578132,0.1482880772714255,0.04110335796303397,0.9615212410165822,0.05056214829134368,0.014015112467842218
MaxCI,4,True,2.0,50,0.6228323944689581,0.21167332464112493,0.058672852154016054,0.5898615951457771,0.21567399828615902,0.05978178231179348,0.6046702915986853,0.19296769711694706,0.053487916735087265,12.44,3.8127605297399487,1.056843299642856,355.18,616.3552080164324,170.84494730556125,81256845.6830182,1453986.3324245368,403024.44940069946,20314211.42075455,363496.5831061342,100756.11235017487,5678053.513343292,4756993.826848403,1318571.4164666038,0.0,0.0,0.0,0.405744,0.1823945226755475,0.05055718230338395,0.4354770028525153,0.186664302413336,0.05174070486443511,0.5629160229143358,0.20316518217296414,0.05631451538207726,0.5845736964622362,0.20797095343865424,0.05764660721479122,0.6228323944689581,0.21167332464112493,0.058672852154016054,0.7060682882343062,0.2031586889431925,0.05631271555061035,0.7959505393688573,0.17450412004718993,0.04837007427910086,0.9400699883994398,0.07245922897512207,0.020084673569800173
MaxCI,4,True,2.5,50,0.5688227999966979,0.2111639773871155,0.05853166829827884,0.5371022807046215,0.21208234134317255,0.058786225799601535,0.554702111226999,0.1942917409153111,0.05385492295166445,11.845,4.390065896023495,1.216864183054132,676.8,1445.9329874104237,400.7921760513795,81687229.2963269,1542165.8192135037,427466.5561241505,20421807.324081726,385541.45480337593,106866.63903103763,4404481.529239563,4424186.763529726,1226322.0049972327,0.04,0.28284271247461895,0.07839999999999998,0.454654,0.18303485138193812,0.050734672365411015,0.48379745971235094,0.18499376429052802,0.05127765532116679,0.5152785178135022,0.19733093975083008,0.05469734588920459,0.534294234280837,0.20381270591910144,0.05649399980737148,0.5688227999966979,0.21116397738711548,0.058531668298278834,0.6490246093442157,0.2118724743943904,0.05872805364929026,0.744480276911334,0.19075277090274764,0.052873970511499065,0.915020812309164,0.1057490790190537,0.02931214922441313
MaxCI,4,True,3.0,50,0.527021165596941,0.20582156983739264,0.05705082847662051,0.4970752920264806,0.2045180196605036,0.05668950280210001,0.515642423631619,0.1906860162497238,0.052855467065710135,11.08,4.6547759103430755,1.2902380555540904,631.66,988.1206571371862,273.893072378547,82047709.97699097,1573510.1820406758,436154.77023491997,20511927.494247742,393377.54551016894,109038.69255872999,3469181.8539445186,4029304.3078650786,1116866.1726257817,0.14,0.5349041493385445,0.14826786570258574,0.493076,0.1794457775075973,0.049739831843318476,0.5209676556849844,0.1795562724525503,0.04977045947946481,0.4792863681299914,0.18887255331781938,0.05235280078657075,0.49606106988720255,0.19621275638543187,0.05438740127341363,0.527021165596941,0.2058215698373926,0.057050828476620505,0.6024292036063134,0.21345474134107595,0.059166635670848546,0.698882185197669,0.20083470075926624,0.0556685388913437,0.8829559893830353,0.1446092479248213,0.0400836384933317
MaxCI,4,True,3.5,50,0.49497475468535745,0.19977903127414018,0.05537592223910696,0.4668893677304075,0.19672318135473513,0.05452888385658948,0.48540886438247616,0.18607283121063928,0.051576757411500175,10.325,4.896440293827793,1.357224005092748,937.22,1444.5320446993433,400.4038545436844,82348569.70538528,1569021.0054373622,434910.4339654063,20587142.42634632,392255.25135934056,108727.60849135158,2801740.6584968264,3684005.1703479686,1021154.1348487055,0.2,0.6388765649999399,0.17708754896942924,0.5228349999999999,0.17520915758904052,0.04856550071521965,0.5492508271014741,0.1737648549084246,0.04816516043715628,0.4523128788714012,0.1813465285530421,0.050266693153122405,0.4672124267521294,0.1889687247359548,0.052379458143643344,0.49497475468535745,0.19977903127414018,0.05537592223910696,0.5649637023591498,0.21206369005324224,0.058781055925795196,0.660239544291358,0.2064482755039646,0.057224542424663814,0.8576658489619632,0.1632458720866999,0.04524944715606116
MaxCI,4,True,4.0,50,0.4691769036684611,0.19280229020364326,0.05344206827786678,0.4429078509123779,0.18848673785807982,0.052245858197246316,0.4610301690911482,0.18031545188804776,0.04998089328284004,9.29,5.395425121795127,1.4955355428741905,823.22,1117.661393906299,309.7999326750088,82599534.88066451,1542850.416582383,427656.31683338195,20649883.720166128,385712.60414559575,106914.07920834549,2298241.0048930054,3362246.788014641,931967.2615005136,0.26,0.6942915931555924,0.1924478111073233,0.547003,0.1699541479010604,0.04710888634487553,0.5718226786052785,0.16732372054165418,0.046379769079759665,0.43065011459611924,0.1735275122503518,0.04809937240878494,0.4440587394017656,0.18121851678617545,0.05023121010166055,0.46917690366846104,0.19280229020364326,0.05344206827786678,0.5338170863880694,0.20849672058454308,0.057792342432351,0.6262030351614393,0.20869694481345905,0.057847841757080534,0.8328378761066156,0.17363734630741648,0.04812981685615476
MaxCI,8,False,,50,0.9993290249190945,0.00025844816281146536,7.163817581560328e-05,0.9993067079716103,0.00026541260189838945,7.356861984096895e-05,0.9212246443245016,0.003172023808650881,0.0008792401417114293,22.98,0.1414213562373095,0.0392,78.4,11.907809133814117,3.3006762943372676,87686106.72,96400.04019921256,26720.72787555544,10960763.34,12050.00502490157,3340.09098444443,10583712.113,107571.76716981085,29817.372603757518,0.0,0.0,0.0,0.013836,0.002729408809427358,0.0007565535232883433,0.01405866134752376,0.0026368927220452236,0.0007309093722076955,0.9986612995888975,0.0005067836363742475,0.0001404732571828463,0.998994726581528,0.00038380935133905543,0.00010638652444574522,0.9993290249190945,0.00025844816281144487,7.16381758155976e-05,0.9996641361441292,0.00013055792866883557,3.618881150616605e-05,0.9998319778395357,6.562091563071499e-05,1.818918981661836e-05,0.999966381506436,1.3179694883245532e-05,3.653225037357723e-06
MaxCI,8,True,1.5,50,0.4584647469341386,0.2049341212636767,0.05680484028208439,0.43189707014350537,0.20282095036293935,0.05621909919238715,0.4457290436485081,0.1901002477498896,0.05269310032136234,27.788999999999977,8.099479008188231,2.245061040061052,799.12,1213.8200054844563,336.45373995103694,91215164.47617188,2177838.8369154646,603666.1270864246,11401895.559521485,272229.8546144331,75458.26588580308,2014890.9652656252,1819113.0868861703,504232.42219710245,0.0,0.0,0.0,0.533855,0.17420192987578806,0.04828631143709364,0.5584952393739069,0.1754458230850134,0.048631101043833176,0.3805528760653085,0.17591637733550208,0.04876153202759635,0.40776108147323364,0.18872710832416753,0.05231248549118082,0.4584647469341386,0.20493412126367672,0.0568048402820844,0.5771414387264001,0.21381801070724774,0.059267328801877774,0.711747630129974,0.188688069499135,0.052301664480960075,0.9219309805254149,0.06781993750453927,0.018798727581970168
MaxCI,8,True,2.0,50,0.3739029376282796,0.18435261503752054,0.05109993781522151,0.35068190555899476,0.1788945795899507,0.0495870475754637,0.36630223090838676,0.17345383433066003,0.04807894993138293,24.59599999999991,10.0615951995289,2.7889319004952324,1444.96,1604.0823170897434,444.62893372627025,92411786.16137023,2371128.1967599797,657243.2041807119,11551473.27017128,296391.02459499746,82155.40052258899,1169973.0433213196,1422191.0686343575,394211.25191952434,0.06,0.3136356914300021,0.0869353782990561,0.6160840000000001,0.16475275087976218,0.04566713264755736,0.6388120859391718,0.1627611890157109,0.04511509986306188,0.31329735456872293,0.15072598679341914,0.04177911200616299,0.33386027865630624,0.16399007801936083,0.045455730516202004,0.3739029376282796,0.18435261503752048,0.05109993781522149,0.47659713179849356,0.21047374302267868,0.058340345093595945,0.6126114289685917,0.20686151036303768,0.05733908528372452,0.8758820786302767,0.10247219625677524,0.028403843663647853
MaxCI,8,True,2.5,50,0.31903442365020834,0.1618254178744161,0.04485571733615977,0.2988407936575728,0.15510407822804717,0.042992657037858435,0.31414391729675895,0.15368902938101278,0.04260042550876273,21.82899999999998,10.44161654737662,2.894268443942272,1964.5,1996.650922961564,553.4433996570923,93339778.25717728,2381695.092701637,660172.1983010758,11667472.28214716,297711.88658770465,82521.52478763448,705329.0954199219,1074442.0079582464,297820.13008903485,0.42,1.0119691856242765,0.28050354721464754,0.671603,0.15010306082278052,0.0416064457363808,0.6920618101192769,0.14626326417228996,0.040542108406404605,0.27111832555435966,0.1291454459942456,0.03579729128378171,0.28704692653952074,0.1413994511871851,0.039193928229881804,0.31903442365020834,0.1618254178744161,0.04485571733615977,0.406306128628209,0.1965458044595211,0.054479717489660275,0.5338329996130625,0.20981221752493834,0.05815697958076699,0.8138975643495772,0.16059871760231278,0.04451569336845182
MaxCI,8,True,3.0,50,0.2813739962211036,0.14217009822929433,0.0394075406916375,0.2637980257799055,0.13505895625905065,0.037436432701654795,0.27806663875761956,0.13591326889009495,0.03767323608148337,19.247999999999994,10.517899999912688,2.9154131382018575,2180.96,1872.0930331845047,518.9177140805274,94033730.06950332,2290457.115751275,634882.3213573653,11754216.258687915,286307.13946890936,79360.29016967067,440295.8957767944,800578.6169750069,221909.07102290218,0.82,1.5608736433844492,0.43265210042249874,0.7106509999999999,0.13503247823227943,0.037429093367080106,0.728858943335976,0.1300912670405185,0.03605945950222024,0.24273915236108368,0.11206089030192723,0.03106169405181147,0.25539924307528855,0.1230277413002375,0.034101550057805186,0.28137399622110354,0.14217009822929433,0.0394075406916375,0.3556679852914479,0.1798636365570559,0.049855656462559794,0.47185062935131306,0.2047893137978895,0.056764701700402764,0.7542971104143135,0.19507621252247043,0.05407236738734816
MaxCI,8,True,3.5,50,0.25484557424237186,0.1265896307241333,0.035088855434670746,0.23937392689445008,0.11955478723689275,0.033138896305180535,0.2524738853944742,0.12171351302940052,0.033737264566649515,16.448999999999977,10.620275612319716,2.9437902101882223,2314.4,1856.5553686154083,514.6108931921283,94548489.49578825,2150002.4057509527,595950.2620241647,11818561.18697353,268750.3007188691,74493.78275302058,279265.76630175783,591282.9406205723,163895.26934978992,1.18,1.803511314415435,0.49990783150496854,0.7387510000000002,0.121754553717799,0.0337486404650854,0.755055289612483,0.1162671593536017,0.032227612348825645,0.22318607845866048,0.09954689680696585,0.027592992025086947,0.23346359753238727,0.10922249739671332,0.03027493167839964,0.25484557424237186,0.12658963072413326,0.03508885543467073,0.31837462068800393,0.16389396934010325,0.04542909054945911,0.42352695723515793,0.1959614634896382,0.05431774643642718,0.7025163687418684,0.21230762790445976,0.05884867204843852
MaxCI,8,True,4.0,50,0.23480875666914067,0.11297587476254524,0.03131531480479052,0.22111770506396636,0.10617075319679421,0.029429031343261507,0.2330282093073192,0.10910184381817732,0.030241488212685207,14.29699999999997,10.361872860813994,2.872164621744375,2666.5,2020.6784297177348,560.1034847383115,94932874.13218468,1995981.9381692337,553257.9665332907,11866609.266523086,249497.74227115422,69157.24581666134,176988.96842529296,427616.3252678371,118529.19811044032,1.66,1.9546908519074344,0.5418126613507661,0.7602430000000001,0.10954097279286945,0.030363208554406763,0.7748272115086795,0.103854413650263,0.028786974778115454,0.20832811461034498,0.08853352522527207,0.024540241171262935,0.2168721984216572,0.09711787431244874,0.026919701340296084,0.23480875666914067,0.11297587476254524,0.03131531480479052,0.2895205356679572,0.14893991868932682,0.04128403918588163,0.384064479637675,0.18523467808300131,0.05134443321749177,0.6475640662681705,0.22194643960928673,0.061520414343111375
MaxCI,16,False,,50,0.9985257862620276,0.00053484037779663,0.00014825018913300982,0.9985188456077408,0.000539213512880169,0.000149462360334275,0.9145209175165968,0.004253377699746412,0.0011789761480598241,46.971000000000025,0.5789760489917927,0.16048397303158302,150.34,16.40757664704241,4.547948214304997,94132838.99,96486.33039454345,26744.646297404644,5883302.436875,6030.395649658965,1671.5403935877903,5563133.3575,78166.98396069459,21666.782534014837,0.0,0.0,0.0,0.021037,0.0038005462147712777,0.001053457664265633,0.021106841689088784,0.003816211434143658,0.0010577998415416511,0.9970566023629472,0.0010654453087595706,0.00029532637230045663,0.9977904381420923,0.0008005792637889734,0.0002219092503105866,0.9985257862620274,0.0005348403777966461,0.00014825018913301432,0.9992623919922268,0.00026804470900452463,7.429820270812349e-05,0.9996310867293156,0.00013419068128998915,3.7195759159180085e-05,0.9999262014075191,2.6866242952766385e-05,7.44694261014731e-06
MaxCI,16,True,1.5,50,0.2606053253930238,0.15180425580440884,0.04207799292737172,0.24738610811367084,0.14749788261857408,0.040884327180018436,0.25558981037046274,0.14451234150721345,0.04005677740479955,52.19400000000002,18.827174888594268,5.218626629449555,2653.42,2021.1691412524137,560.2395030361924,100052599.10864258,2314984.7446271954,641681.0332175648,6253287.444290161,144686.5465391997,40105.0645760978,362581.1945727539,432703.20030717866,119939.20793390418,0.04,0.19794866372215741,0.05486857023834319,0.7082195,0.13898973713581025,0.03852598957247432,0.7239412750719698,0.13747302566547334,0.03810557860188909,0.20938895376424468,0.12095403661368753,0.033526748444558364,0.2260292499000333,0.13214816245214356,0.036629601822170864,0.2606053253930238,0.15180425580440882,0.042077992927371716,0.3650556103612354,0.18600591257391025,0.05155820851174718,0.5288809471404275,0.18906887336465955,0.052407217927240936,0.8598785552274967,0.0815703214477062,0.022610139556181897
MaxCI,16,True,2.0,50,0.20095782901878864,0.12026230694438826,0.03333501076251386,0.1915686725303566,0.11599792930994901,0.03215298558811578,0.1983098280803356,0.1160070452705879,0.032155512403489024,37.22400000000002,20.148469937350757,5.584870931507733,3996.58,2070.286691080563,573.8541932392234,101696985.51309326,2288986.566833298,634474.705993474,6356061.594568329,143061.66042708114,39654.669124592125,127386.80969116211,230011.7655695613,63756.008641275475,1.16,2.1604988086182355,0.5988597164612092,0.7825782499999998,0.11629181634377013,0.03223444691780673,0.7942540282696041,0.11324927356055198,0.03139109708525374,0.1673410628329547,0.09590852828991708,0.0265844877251495,0.1782908697718436,0.10433738880056682,0.02892084865965383,0.2009578290187886,0.12026230694438828,0.03333501076251387,0.27261731204432893,0.15715590160217818,0.04356139346074331,0.4043151188009524,0.18574250797587738,0.051485196482180993,0.7542886349648521,0.15690454053478142,0.04349171972755256
MaxCI,16,True,2.5,50,0.16781206750927985,0.09888413520442377,0.027409283881487657,0.1607678481994334,0.09530916888185338,0.02641835377324006,0.16612398392407166,0.09597178170579015,0.02660202067751395,26.92,19.228847376495853,5.329964562733977,4506.92,2074.981385114437,575.1554960341073,102779684.86290222,2072604.588352152,574496.6815837264,6423730.303931389,129537.7867720095,35906.0425989829,46631.53845336914,116142.6595108519,32193.102753064148,2.94,3.3405975269006434,0.9259663924786903,0.824179,0.09632186011609459,0.02669905746212027,0.8329330515840907,0.09321233978597011,0.02583714240074624,0.1435744872787296,0.07997035407405345,0.022166651226583758,0.1515260990027003,0.08642134527347825,0.02395477475859906,0.16781206750927985,0.09888413520442377,0.027409283881487657,0.21942745964307808,0.1310673740821203,0.03633002257026623,0.32152371408505054,0.16851289131245295,0.046709390400439754,0.6404383978906268,0.19742760307138865,0.05472413959467251
MaxCI,16,True,3.0,50,0.14719447973287317,0.08428192907879002,0.023361758844573668,0.14159789341428003,0.08139501056956372,0.02256154585996777,0.14600281361310455,0.0820979061278685,0.022756378568539116,21.12,16.80578131817398,4.658324917821854,4280.38,1598.5538475989695,443.0965201657986,103466207.28022835,1813680.2499697404,502726.5166338247,6466637.955014272,113355.01562310877,31420.407289614042,17060.995051269532,47933.7396430865,13286.554760908704,4.92,3.7134064893439875,1.0293037646875676,0.8493417500000001,0.08138446477803139,0.02255862271569122,0.8561591668336855,0.07868416901508915,0.021810138917178402,0.1284742200235699,0.06923849882861544,0.019191932720029194,0.13464783999811072,0.0743423257620059,0.020606641368793546,0.14719447973287317,0.08428192907879002,0.023361758844573668,0.1864186375832987,0.11097784749975938,0.030761489903198023,0.26602865089389544,0.14886101582841493,0.04126216842866335,0.5351791852588142,0.20841120787804712,0.05776863951941177
MaxCI,16,True,3.5,50,0.13332884500500694,0.0743989945733639,0.020622349161904408,0.1287059913195948,0.07197072557468218,0.01994926733550335,0.13246030384529922,0.0727304276596326,0.020159846009915747,16.633000000000028,14.070734609428888,3.900208648572538,3962.96,2165.7035616017934,600.3024003838065,103897460.56361054,1591192.8919555645,441056.16735842434,6493591.285225659,99449.55574722278,27566.01045990152,6087.513315429687,20127.796171316237,5579.140455926709,6.62,3.9532471798897326,1.095784212333797,0.8657937500000001,0.07103652684166815,0.01969032065794003,0.8712363102025837,0.06872038424837416,0.019048318685446066,0.1181926730239685,0.061982887631067914,0.017180779903289145,0.12319065557653242,0.0661739665882447,0.01834248772092346,0.13332884500500694,0.0743989945733639,0.020622349161904408,0.16458322188410282,0.0968747611555639,0.02685231381125914,0.22795760582292934,0.13178975463664283,0.036530256244236704,0.4513727993054617,0.2089639375896027,0.05792184837887582
MaxCI,16,True,4.0,50,0.12339656368593736,0.06718559391838418,0.018622896510632165,0.11944670454366367,0.06510468588955991,0.018046098232774952,0.12269893682153064,0.06576810547464956,0.018229988759831384,13.465999999999985,12.086112962016005,3.3500995939822333,3484.78,2257.637154646605,625.785092271652,104167631.24194916,1430276.2800255667,396452.35817792825,6510476.952621822,89392.26750159792,24778.272386120516,2094.8781274414064,8003.796420159972,2218.539179781238,8.06,3.8566666372685634,1.0690134517394998,0.8770505,0.06359638233959282,0.017628017818813322,0.8815690171168764,0.061613337294451474,0.017078345776076732,0.11076832919630801,0.05671065030422712,0.01571939027508223,0.11493728182107811,0.06023087108907277,0.016695145694471603,0.12339656368593736,0.06718559391838418,0.018622896510632165,0.1492405934733666,0.08637643178895003,0.023942325375844224,0.20083362440183397,0.11705938360879786,0.03244720570890895,0.3837969867038137,0.1971603497349527,0.05465006074924898
MaxCI,32,False,,50,0.9971535464300004,0.0007107444427435301,0.00019700830834060477,0.9971375818038085,0.0007046834346305925,0.00019532828260511068,0.9118363140572208,0.003144817977813159,0.0008716990701419477,94.77799999999996,1.1345303802337738,0.3144757771275778,313.54,51.799539041365605,14.358099684846877,99306662.365,73014.52948676725,20238.59501869339,3103333.19890625,2281.7040464614765,632.4560943341685,2850729.9889999996,46773.21298402318,12964.8731829231,0.0,0.0,0.0,0.029701124999999995,0.003766394792813369,0.0010439913730606216,0.029767415027438515,0.00370220691936711,0.0010261994022717747,0.9943242681123633,0.0014073341474489514,0.0003900931234701645,0.9957365408482481,0.001060412468835781,0.00029393134024687125,0.9971535464300005,0.0007107444427435437,0.0001970083083406085,0.9985748465126424,0.00035753069393108767,9.91024522391136e-05,0.9992869694430727,0.00017935169981827504,4.971375483826385e-05,0.9998573239862139,3.596851397429639e-05,9.969963415047804e-06
MaxCI,32,True,1.5,50,0.13503407618228627,0.06715844620279546,0.018615371547787855,0.13053982736194258,0.06523807325427247,0.018083071323939194,0.13391159605042247,0.06567218571885113,0.018203401159999653,71.43999999999997,32.14267777727736,8.909495725348332,5309.44,1522.5921125582156,422.04100144625755,106846938.05549805,1534931.07457655,425461.18722291687,3338966.814234314,47966.596080517185,13295.662100716152,32653.52331982422,49777.3054321781,13797.565126352545,3.02,5.297246107793239,1.4683217086183804,0.8363456249999999,0.06991993355388154,0.019380816789176483,0.843101996816602,0.06800771804145805,0.018850777691253977,0.10653249174206547,0.051585336449882994,0.014298725755692724,0.1155194267236789,0.05689431352339008,0.015770299122110306,0.1350340761822863,0.06715844620279547,0.01861537154778786,0.20382482784967046,0.09530356785630908,0.026416801248167622,0.3460157023248426,0.1314298505502403,0.03643049592116849,0.7257376609327703,0.16056483743530703,0.044506302265283515
MaxCI,32,True,2.0,50,0.10245109518315741,0.050962312906037976,0.014126032439997582,0.09994176560633589,0.049921312337055275,0.013837481803871269,0.10183692528936365,0.05010009329153135,0.013887037356172027,41.834999999999965,22.218183511966647,6.158566264967833,5309.62,1690.3633818966684,468.54482472335553,108327041.84780273,1144334.5755662017,317193.3614250036,3385220.0577438353,35760.4554864438,9912.292544531363,2942.1675249023438,8517.49954082624,2360.930420156043,9.68,7.144114175105181,1.980247418884822,0.88660375,0.05041451283383546,0.013974190006848342,0.8904548734806836,0.049338308897439564,0.013675881495113186,0.08530145826877923,0.04088986398899166,0.011334092042497352,0.09080572056845136,0.04436331488442296,0.012296883509950311,0.10245109518315744,0.050962312906037976,0.014126032439997582,0.1423875505177393,0.06949192902877407,0.019262179987560333,0.23202298602537616,0.10110030857848562,0.02802357580015267,0.5335008502113054,0.18268757890624032,0.05063841334619676
MaxCI,32,True,2.5,50,0.08608027739012612,0.04294729816114746,0.01190438369924806,0.08444431375860022,0.04235869547995081,0.011741231359906958,0.08567157312475385,0.04232598658192198,0.011732164915935237,27.98699999999997,16.192555640270786,4.488347432006573,5031.02,2128.2866203515323,589.9309534111937,109071999.6077661,928664.8391125223,257412.76043290363,3408499.987742691,29020.776222266322,8044.148763528238,153.10274560546875,1082.5998963590584,300.08138138671876,15.74,6.140564356168324,1.702077601051139,0.91014275,0.040705155742459184,0.01128289352866099,0.9125597228094031,0.04017150077260324,0.011134971917845366,0.07425903660357162,0.03562854345207182,0.009875728394073743,0.07810837580657326,0.0382070725995794,0.010590460208784137,0.08608027739012612,0.04294729816114746,0.01190438369924806,0.1125653655117512,0.05593736789107005,0.015505047325740894,0.17116673081184042,0.07815257948736273,0.021662789817712063,0.3840121669361809,0.15032299856109452,0.04166740936713145
MaxCI,32,True,3.0,50,0.07607851984336296,0.038082620077978024,0.010555963729775778,0.07489334638636332,0.03774439859991095,0.010462213519107585,0.07578712178562148,0.03761354893586232,0.010425943842679796,20.820999999999984,13.284839026468555,3.682369506934342,4753.1,2146.7579661680825,595.0509492539272,109410028.59621216,910444.4321815233,252362.32130052365,3419063.39363163,28451.388505672603,7886.322540641364,0.0,0.0,0.0,19.7,5.047731355444215,1.3991597478486864,0.9231875,0.03523830479747856,0.009767559757687692,0.9248607380416147,0.03496748787385588,0.00969249313629145,0.06726445839283214,0.032388153253965914,0.00897753805602747,0.07017611858715161,0.03443586952252728,0.009545136047330205,0.07607851984336296,0.03808262007797803,0.01055596372977578,0.09524748391397252,0.047909068718769654,0.013279716329578733,0.13677696806941225,0.06445591533114911,0.017866268208750664,0.29118170192572385,0.12068406766598967,0.033451916870096604
MaxCI,32,True,3.5,50,0.0693268350263914,0.03470652967411595,0.009620159213735654,0.06837515902531535,0.03451124439557684,0.009566028896205057,0.06909815082731477,0.034319692181212676,0.009512933331271603,16.12,11.411844902627823,3.1632020232669293,3688.5,1743.850293729016,483.3706402834164,109534559.39971435,987891.8509636564,273829.65054297,3422954.9812410735,30871.620342614264,8557.176579467812,0.0,0.0,0.0,22.32,3.97153134502169,1.1008523243378285,0.9312595,0.03163978780361293,0.008770101736405344,0.9325515432535968,0.03149983865712327,0.008731309812127733,0.062263233639359726,0.029925625937681468,0.008294960308460348,0.06463579911914247,0.03168578976084422,0.008782852828400535,0.0693268350263914,0.03470652967411595,0.009620159213735654,0.08415896007657016,0.042519554428242436,0.011785819185542362,0.11571345162743844,0.05539290223286696,0.01535412914499776,0.2317782077183776,0.09605960551207673,0.02662636419463209
MaxCI,32,True,4.0,50,0.06438759151981367,0.032205859551618074,0.008927008819693147,0.06358722676787389,0.032087146385096486,0.008894103208748238,0.06420080322137109,0.03187348140487252,0.008834878297832204,12.872000000000007,9.562405981930779,2.6505637087985674,3863.16,2124.36272662785,588.8433055618107,109549683.81580323,1077318.6904131835,298617.5057841477,3423427.619243851,33666.209075411985,9331.797055754616,0.0,0.0,0.0,23.9,3.2654655573321314,0.9051408730136983,0.9368542500000001,0.029070040398806885,0.00805780409658239,0.9378978588336148,0.0289980333254433,0.008037844754153823,0.05842992203310539,0.027941111057972392,0.007744880848367653,0.06046221966337376,0.029547742456277577,0.00819021635135831,0.06438759151981366,0.032205859551618074,0.008927008819693147,0.07638168870797087,0.038683495982523936,0.010722518033064135,0.10164347762530788,0.04946837944191647,0.013711935210613826,0.1952845601412883,0.08164490827339607,0.02263081396947303
PF,2,False,,50,0.9999916089723372,1.0198174280761194e-05,2.8267896903422045e-06,0.9999904107158732,1.4114344324617556e-05,3.912296644904062e-06,0.9721603387268175,0.0019193102715492777,0.0005320056648196874,5.0,0.0,0.0,12.24,1.170382808472231,0.32441356321830933,68222759.92,159346.3966972634,44168.56772361244,34111379.96,79673.1983486317,22084.28386180622,34037726.66,109146.42269502177,30253.844846922046,0.0,0.0,0.0,0.0012179999999999813,0.0007917147497034442,0.00021945213236604046,0.001200003126139646,0.0009883945590644357,0.0002739689941193212,0.9999832189211094,2.0394152797353886e-05,5.652970745908904e-06,0.9999874137816116,1.5296534814460347e-05,4.2399831304167195e-06,0.9999916089723372,1.019817428078049e-05,2.8267896903475536e-06,0.9999958044071809,5.099264776416805e-06,1.4134440833682504e-06,0.9999979021892283,2.5496646876905163e-06,7.067309946437952e-07,0.9999995804360648,5.099369427436414e-07,1.4134730911509347e-07
PF,2,True,1.5,50,0.9965378883756837,0.008042546292646557,0.0022292800964425464,0.9463127900455663,0.09755925694167385,0.027042046363183504,0.9686256582882029,0.00806722084063727,0.002236119532203669,5.0,0.0,0.0,12.62,1.4269991347622621,0.39554397985559075,65300816.43,4513962.718008787,1251206.629987491,32650408.215,2256981.3590043937,625603.3149937455,27747887.5125,7032634.491228562,1949346.8270348157,0.0,0.0,0.0,0.019599999999999996,0.022607918063892424,0.006266595171223364,0.09021580049477697,0.10130599472651816,0.02808058909162009,0.9934545302276936,0.014616607468937516,0.004051516885617241,0.9949403268895644,0.011539088301761041,0.003198472094059153,0.9965378883756837,0.008042546292646573,0.0022292800964425507,0.9982332243421213,0.004164585736253475,0.0011543642714555403,0.9991097889366727,0.002109982974617637,0.0005848574416597953,0.999821095788404,0.0004255106146474877,0.000117945524904965
PF,2,True,2.0,50,0.9945003419336246,0.010747315256983136,0.002979003803122868,0.9204789624481536,0.12298318575170866,0.03408919988984753,0.9666883896069575,0.010515363930876254,0.0029147101757294757,5.0,0.0,0.0,12.76,1.4922931265372108,0.4136425510026742,64079787.50875,5516115.750677547,1528989.2784206944,32039893.754375,2758057.8753387737,764494.6392103472,25858647.957312495,8347574.945279575,2313829.725305883,0.0,0.0,0.0,0.025712,0.02768424469046668,0.007673681123841412,0.1174473415845817,0.12244986330938759,0.03394137045096204,0.9897141859297152,0.019352213376074057,0.005364159873202863,0.9920032998546824,0.015351922635551398,0.004255335851141062,0.9945003419336246,0.01074731525698315,0.002979003803122872,0.9971819898987617,0.00558522724099668,0.0015481460061780208,0.9985779126279601,0.002833660563649281,0.0007854506352538219,0.9997139269603786,0.0005719494562980483,0.00015853630090536906
PF,2,True,2.5,50,0.9924819257850085,0.012861003854392835,0.003564888391016539,0.8954335785266072,0.1423963243886556,0.03947024738377303,0.964771399764859,0.012309126333219173,0.0034119157466748623,5.0,0.0,0.0,12.78,1.6199017354929468,0.4490138527929845,62942530.855625,6278129.820948633,1740208.8024684074,31471265.4278125,3139064.9104743167,870104.4012342037,24178304.560843743,9309590.895240203,2580486.9420219804,0.0,0.0,0.0,0.03115799999999999,0.031390210939991205,0.008700922559269221,0.14218574169784867,0.1382467043429898,0.038320031390106965,0.9860441798444338,0.02301042655494965,0.006378164832759962,0.9891069195737444,0.01831492170400512,0.005076637290850657,0.9924819257850085,0.012861003854392839,0.0035648883910165403,0.9961368422432583,0.006700557067544929,0.0018572996613538788,0.9980483841740425,0.003402823201403926,0.0009432144694695201,0.9996071382989726,0.0006872507446230359,0.00019049618746419351
PF,2,True,3.0,50,0.9904568448678073,0.01449568629160383,0.004017999245300411,0.8717368735072,0.15811690014113788,0.04382776866551795,0.9627378350860828,0.013763470714712947,0.0038150394422141053,5.0,0.0,0.0,13.0,1.7728105208558367,0.4913980056939588,61916214.3746875,6859293.568701257,1901299.1746585495,30958107.18734375,3429646.7843506285,950649.5873292747,22688872.111953128,10036607.674857583,2782005.7120242915,0.0,0.0,0.0,0.03620999999999999,0.034286197913255684,0.009503649193862323,0.16467694099313174,0.15063931124760588,0.0417550867706096,0.9823780136496089,0.02586655472512331,0.007169843170810508,0.9862064091386106,0.020616895861756305,0.005714711973378982,0.9904568448678073,0.014495686291603836,0.004017999245300412,0.9950868825140734,0.0075599679342492655,0.0020955162000093203,0.9975161774628734,0.0038407804705643533,0.0010646100309876858,0.9994997801175236,0.0007758955685913892,0.00021506727907307681
PF,2,True,3.5,50,0.9884044080849145,0.016000984961124207,0.004435246748896558,0.8499336488666185,0.17080812886170682,0.04734559779036022,0.9607695349638319,0.01505975699073607,0.004174351666139028,5.0,0.0,0.0,13.32,1.8564833993992236,0.5145909443431743,61000532.137823485,7299789.577089237,2023398.4387883141,30500266.068911742,3649894.7885446185,1011699.2193941571,21370778.234932315,10580990.595472742,2932900.959078105,0.0,0.0,0.0,0.040923999999999995,0.036765070823446835,0.010190757708904674,0.18503748904145081,0.16045880599868612,0.0444769118505249,0.9787040741791153,0.02848925998788998,0.007896819979942045,0.9832820323147938,0.022734815360853176,0.006301769307387879,0.9884044080849145,0.016000984961124197,0.004435246748896555,0.9940184248274602,0.00835148276486721,0.0023149129176320707,0.99697377891932,0.004244115572254723,0.00117640881730205,0.9993902634373191,0.000857527522342671,0.00023769450223221973
PF,2,True,4.0,50,0.9865223432353951,0.0172084138390972,0.004769928958683303,0.8302517356765032,0.18072360693447864,0.050094028089673906,0.9589490266947499,0.01608990484489247,0.004459894083192142,5.0,0.0,0.0,13.42,1.8853895824340974,0.5226033294957084,60187371.25561356,7624935.960950818,2113524.418247783,30093685.62780678,3812467.980475409,1056762.2091238915,20210208.716832876,10981784.65177861,3043995.403546777,0.0,0.0,0.0,0.04504000000000001,0.03865030559321595,0.010713318126518974,0.203269038897429,0.16816201583279677,0.046612132679481104,0.9753594799177789,0.030576497884178596,0.008475372807544812,0.9806095510111489,0.02442787873650675,0.006771062532197946,0.9865223432353953,0.01720841383909717,0.004769928958683295,0.993035999982685,0.008987825225726016,0.002491298048770308,0.9964745454632237,0.004568627164573522,0.0012663588415229386,0.9992893979539307,0.000923235961374262,0.0002559079522978247
PF,4,False,,50,0.999984011652086,1.4158000524299768e-05,3.924397526079824e-06,0.9999853505009461,1.2293309337172785e-05,3.407531499051201e-06,0.9779430742515115,0.00149453660389216,0.00041426441119871447,10.0,0.0,0.0,22.78,1.9408603183923885,0.5379790330486867,78416960.4,146307.66866338305,40554.41670337729,19604240.1,36576.91716584576,10138.604175844323,19523718.176000003,50393.492543640335,13968.363479670466,0.0,0.0,0.0,0.001948000000000021,0.0008235042098699273,0.00022826372116480057,0.0018597923519436677,0.0008090959682473634,0.0002242699603451352,0.9999680461900629,2.8244040665873886e-05,7.82884865171563e-06,0.9999760260006777,2.1210062653173104e-05,5.879129419528494e-06,0.999984011652086,1.4158000524309441e-05,3.924397526082505e-06,0.9999920030252963,7.087946957359632e-06,1.9646786604299045e-06,0.9999960008200326,3.5462038127706885e-06,9.829575472840595e-07,0.9999992000539188,7.09596991799489e-07,1.9669025116590951e-07
PF,4,True,1.5,50,0.9972020821265258,0.0063557514392814755,0.0017617244173628195,0.9368583801012914,0.1157707099506231,0.03209000359499567,0.9743179022511862,0.007676215526684145,0.002127738388684987,10.02,0.14142135623730948,0.03919999999999999,22.94,1.8888502063532768,0.5235625655067405,73317938.5775,7527391.626325299,2086486.5081396096,18329484.644375,1881847.9065813248,521621.6270349024,14901858.435875004,3720379.2386740316,1031236.5121948045,0.0,0.0,0.0,0.020272,0.017358310248808125,0.004811478123653891,0.11224537316000882,0.10578997761599512,0.029323485737106542,0.9943183824269543,0.013049618720714987,0.0036171697646120624,0.9957581296943513,0.009719813174599667,0.002694194756589301,0.9972020821265258,0.006355751439281463,0.0017617244173628163,0.9986238287345044,0.0030802976276691264,0.0008538149415142882,0.9993188426318349,0.0015103411695145423,0.0004186452132846298,0.9998649742287563,0.00029689312638686566,8.229457603868434e-05
PF,4,True,2.0,50,0.9951188547899201,0.009492901827020239,0.002631298139969477,0.9000568538008312,0.1497620863709602,0.041511932440320136,0.9716917440587465,0.011169719412826143,0.003096088261578072,10.04,0.1979486637221574,0.054868570238343184,23.92,2.464772208707394,0.6831999999999999,70753972.688125,9296349.404407017,2576816.588021204,17688493.17203125,2324087.3511017542,644204.147005301,13307181.477093749,4508085.534563166,1249577.55785017,0.0,0.0,0.0,0.02745900000000001,0.022425952281102488,0.006216156829553129,0.15301992546711907,0.13864597322591568,0.03843070307808336,0.9901894363540445,0.01915771592342267,0.005310247929867087,0.992631291404033,0.014414143711096972,0.003995396795140726,0.9951188547899201,0.00949290182702023,0.0026312981399694746,0.997593748189494,0.004618296726219912,0.001280126541595559,0.9988085147374456,0.002266162364883478,0.0006281481599877093,0.9997638122053352,0.0004455269589480954,0.00012349377247845858
PF,4,True,2.5,50,0.9928428481749159,0.011667807854452166,0.003234151333742197,0.861371236607766,0.17263379044936367,0.04785164536436353,0.9688915012770442,0.013445148611113678,0.0037268050567359134,10.04,0.1979486637221574,0.054868570238343184,24.28,2.814249455894058,0.78007015069159,68222518.01125,10544698.626310328,2922841.3384591416,17055629.5028125,2636174.656577582,730710.3346147854,11837872.034374997,5029692.654436589,1394159.6750286212,0.0,0.0,0.0,0.034453,0.026119385267166877,0.007239924221592379,0.19183458127904515,0.1594824279213601,0.04420627365520909,0.9857210859897027,0.023263035161682474,0.006448184366212253,0.9892330303094667,0.017612726467431648,0.004881998701559444,0.9928428481749159,0.011667807854452157,0.0032341513337421943,0.9964617261733403,0.005706607618373664,0.0015817909302529498,0.9982460087838564,0.0028070143572600605,0.000778064683667382,0.9996520460702033,0.0005528803371843194,0.00015325061075823295
PF,4,True,3.0,50,0.99049941540633,0.01322749429453302,0.0036664743581981013,0.8217014697510905,0.19137332470056428,0.05304597924852174,0.9660559560363865,0.015233175426911478,0.004222420804202368,10.12,0.328260722659316,0.09098923013192278,24.5,2.9154759474226504,0.8081287026210615,65779014.04514649,11545554.622514654,3200264.4667268023,16444753.511286622,2886388.6556286635,800066.1166817006,10509534.148450684,5378458.3964166315,1490832.6065388822,0.0,0.0,0.0,0.04095,0.028807602454624246,0.007985060009793285,0.22901739660466092,0.17468826993722755,0.048421118024413005,0.9811281039190004,0.02619557909817323,0.007261044074031335,0.9857376776971711,0.019894445998647613,0.005514459088048575,0.99049941540633,0.013227494294533024,0.003666474358198102,0.995294540395262,0.006495825570527175,0.0018005509856472977,0.9976655905042776,0.0032020349291086853,0.0008875587998918233,0.9995366528958992,0.0006317695403851992,0.0001751175822521652
PF,4,True,3.5,50,0.9880990825093395,0.014395567786669996,0.00399024781158611,0.7824341199057184,0.20776932222514136,0.05759071789382868,0.9630871705723316,0.016552928609927565,0.004588237722882024,10.145,0.3502550091412989,0.09708573530648051,24.82,3.426725693660325,0.9498399022993295,63487291.624541014,12381745.304511527,3432044.698555959,15871822.906135254,3095436.3261278816,858011.1746389897,9330209.49760254,5589055.715344192,1549207.2051257289,0.0,0.0,0.0,0.047037,0.030698292862859296,0.008509132653237933,0.2646926996164408,0.18710005794357146,0.05186149013505977,0.9764003771431494,0.028478706291495067,0.007893894644549372,0.9821470910578914,0.021635525511930247,0.005997061707176008,0.9880990825093398,0.01439556778666999,0.003990247811586108,0.9941031352610865,0.00707718511012425,0.0019616956285678773,0.9970742282416442,0.003490850665573301,0.00096761443767269,0.9994192632881017,0.0006891238610754725,0.00019101538885561776
PF,4,True,4.0,50,0.9855900573711186,0.015455823847881899,0.004284135797851523,0.7450085565093698,0.22181725152526105,0.06148460523316826,0.9600769305537149,0.01784442883942305,0.004946223322392679,10.26,0.4430874976934521,0.12281758831698333,25.66,3.611828639685025,1.0011478212531852,61395733.98714233,13036939.745785715,3613655.3320648773,15348933.496785583,3259234.9364464288,903413.8330162193,8298786.318158296,5693244.118093383,1578086.7569588684,0.0,0.0,0.0,0.052874000000000004,0.03205943498299012,0.008886421999972763,0.29848690161264524,0.19759319033617295,0.054770038042772896,0.9714701207246849,0.030608528236694556,0.008484251168296202,0.9783950366896315,0.023241848743036916,0.006442311790577269,0.9855900573711186,0.01545582384788192,0.0042841357978515284,0.9928594425597845,0.007594362608316712,0.002105049917259079,0.9964576454829909,0.003745009995844894,0.0010380638097599447,0.999297008564039,0.0007391553530968661,0.00020488341090985133
PF,8,False,,50,0.9999824867931048,9.38855401486348e-06,2.602374402102892e-06,0.9999817604803822,8.844566293858047e-06,2.45158869879207e-06,0.9891815611276122,0.0006138933819249425,0.00017016256392759062,18.0,0.0,0.0,33.88,2.454816174172639,0.6804403280229648,85188342.72,116952.3698342123,32417.54300395854,10648542.84,14619.046229276537,4052.1928754948176,10587999.186999999,21741.19726906801,6026.352423868395,0.0,0.0,0.0,0.0021765000000000035,0.0006316565926359048,0.00017508627473334246,0.0022764185094645397,0.0005585468434559286,0.00015482128616226703,0.9999649739105881,1.8777889329299923e-05,5.204965369398446e-06,0.9999737302931656,1.4083077671413438e-05,3.903629970801852e-06,0.9999824867931048,9.388554014854292e-06,2.602374402100345e-06,0.999991243374113,4.69422584528331e-06,1.3011730196274246e-06,0.9999956216837046,2.3471059788515915e-06,6.505845850933043e-07,0.9999991243364214,4.694206477042092e-07,1.3011676510248603e-07
PF,8,True,1.5,50,0.9980223210701266,0.0031700638045217213,0.0008786968562847632,0.9354613109062093,0.10355026310821117,0.02870266854908718,0.9864387341657407,0.004621423210765117,0.001280993158897449,18.28,0.6074369035848372,0.16837291943777655,35.96,3.1941272641508567,0.8853669069939308,77279985.2075,9885326.896515938,2740072.8196466975,9659998.1509375,1235665.8620644922,342509.1024558372,7742999.620750001,1750201.4045119944,485131.07837647916,0.0,0.0,0.0,0.0182865,0.01057089068370963,0.0029301014063680495,0.11590356748656783,0.07789311170149021,0.021590869016803217,0.9957921563780993,0.007115362879093769,0.0019722779662248143,0.9969373643787307,0.005051186043486178,0.001400117338518498,0.9980223210701266,0.0031700638045216913,0.000878696856284755,0.9990433008438068,0.0014867700835404112,0.00041211164158959205,0.999529593584062,0.0007194045901385511,0.00019940877872864972,0.9999071743479881,0.0001401281166057798,3.884153226284369e-05
PF,8,True,2.0,50,0.996183446629994,0.005835056433796317,0.001617395125393879,0.8830843745512724,0.16522005121063413,0.045796661690818995,0.9837905214050638,0.008328491872993731,0.00230854016753676,18.56,0.7866228513106401,0.21804073014003594,37.12,4.53395353900738,1.256747802862611,72566088.08375,13335713.087485444,3696471.0771987056,9070761.01046875,1666964.1359356805,462058.8846498382,6623629.359000001,2241029.4200606365,621181.6631072653,0.0,0.0,0.0,0.025291999999999995,0.014524057663766281,0.004025863388442285,0.16920889310436085,0.13115257414245665,0.03635363882211139,0.9917930497628779,0.013264122832706653,0.0036766272709872912,0.9940506671384358,0.009383425227495863,0.002600952774774745,0.996183446629994,0.005835056433796321,0.00161739512539388,0.9981690427434343,0.002700661280824902,0.0007485851149008202,0.9991038096174002,0.001296937152688096,0.000359492637731902,0.9998238145358791,0.00025103772001548925,6.958410586937244e-05
PF,8,True,2.5,50,0.9940172574465478,0.007952413735899052,0.002204296626346464,0.8267684207976245,0.20627748881537344,0.057177202769813244,0.9807104377781204,0.011071429301322426,0.0030688436326658706,18.88,0.8722478584270713,0.2417747712231365,38.22,5.493186874740047,1.5226337182658212,67856287.37492187,15435303.827174386,4278447.938300914,8482035.921865234,1929412.9783967983,534805.9922876143,5585310.91901953,2509466.938904752,695588.7471478952,0.0,0.0,0.0,0.03222050000000001,0.01757885128499584,0.004872608980043442,0.22444636347295535,0.17083010718967548,0.047351689872060565,0.9871315374026528,0.018023034576157133,0.004995730306813245,0.9906653070377653,0.012781426048857476,0.0035428305486935488,0.9940172574465477,0.007952413735899064,0.0022042966263464674,0.9971360454448424,0.0036775873571729283,0.0010193752077958535,0.9986001819545796,0.001764800914718859,0.0004891778561428354,0.9997251490436964,0.0003413716245567608,9.462338672647144e-05
PF,8,True,3.0,50,0.9916381865970024,0.009584056098534481,0.002656564814950039,0.7694328880087947,0.23021903700068544,0.06381346135079717,0.9774605999628964,0.013052865092694741,0.0036180696130153887,19.048999999999978,0.9145362379983543,0.25349651200755247,39.3,5.496752287877425,1.5236220003662322,63363797.197382815,16653540.593644153,4616125.94193624,7920474.649672852,2081692.5742055192,577015.74274203,4657351.476385742,2629285.5883619348,728800.7823290599,0.0,0.0,0.0,0.03906000000000001,0.01967086055824811,0.005452484365864795,0.2787672474642177,0.19734588669312556,0.0547014889702326,0.9820618999795698,0.021598422169077487,0.005986777185244344,0.9869640410232999,0.015367942992711775,0.004259776467589634,0.9916381865970024,0.009584056098534487,0.0026565648149500403,0.9959974351389745,0.004439195277859686,0.0012304821529224663,0.9980442647830873,0.002131561224173748,0.0005908386272820018,0.9996161330034155,0.0004124860043721928,0.00011433528712775959
PF,8,True,3.5,50,0.9892790497645738,0.010656038260742464,0.0029537031105836857,0.7118522156814965,0.24372735609047697,0.0675577763708799,0.9743037113359805,0.01428702597259678,0.0039601615556989125,19.248999999999977,1.032160899496302,0.2861004047533011,41.18,6.394161878029753,1.7723712477920646,59178565.915336914,17364923.939961884,4813311.345312382,7397320.739417114,2170615.4924952355,601663.9181640478,3854209.2539755865,2648075.583564071,734009.10327521,0.0,0.0,0.0,0.04519700000000003,0.021055597345880184,0.005836313820760497,0.3302635074293883,0.21299011144873192,0.05903784683538212,0.9770571678253305,0.023863460989607888,0.0066146139146262915,0.9833019961850787,0.017036747683839094,0.004722345528109877,0.9892790497645738,0.01065603826074248,0.0029537031105836896,0.9948662912983653,0.004948272944035975,0.0013715912827247858,0.9974916235224184,0.002378704033278944,0.0006593431189279941,0.9995077166798627,0.0004607023857314109,0.00012770018617532447
PF,8,True,4.0,50,0.9868637353505165,0.011256067085393957,0.0031200226153045236,0.6551575720186525,0.2532588851935922,0.07019978144552466,0.9711171839694431,0.015063179954495267,0.004175300463286295,19.48899999999998,1.0325957977992428,0.28622095241264245,42.72,6.596350258642569,1.8284150075953762,55369228.637831114,17795779.145664185,4932738.315275738,6921153.579728889,2224472.393208023,616592.2894094673,3179706.3261158597,2601512.3847793997,721102.4430583738,0.0,0.0,0.0,0.051027,0.02172074025310503,0.006020682028341971,0.3790995418527963,0.22140025602505928,0.06136901997756882,0.9719178120391195,0.025118591877386045,0.006962518446939945,0.9795471993236525,0.017964046045572366,0.004979379520337668,0.9868637353505165,0.011256067085393947,0.003120022615304521,0.9937101216286193,0.005235747894635942,0.0014512752736250635,0.9969272995846638,0.0025188419223986804,0.000698187359993506,0.9993971032209256,0.00048812266792641406,0.00013530070062832156
PF,16,False,,50,0.9999757830661612,9.017048659543282e-06,2.499398371353232e-06,0.9999763153180158,1.1220075234760385e-05,3.110046183297546e-06,0.9945473467672611,0.00028873816988607686,8.003413742222461e-05,29.04,0.1979486637221574,0.054868570238343184,46.04,1.999591795076879,0.5542585678183062,88704584.95,122543.55104466005,33967.33936626871,5544036.559375,7658.971940291253,2122.9587103917943,5505773.87,12465.576299434188,3455.2814648294634,0.0,0.0,0.0,0.0026867499999999956,0.0005297971430227893,0.000146852275773992,0.0026576956611992974,0.0005860819543507118,0.00016245362950696152,0.9999515587128218,1.8044858111142855e-05,5.0017794820877696e-06,0.9999636717784312,1.3529615639293258e-05,3.7502181224335966e-06,0.9999757830661612,9.017048659536141e-06,2.499398371351253e-06,0.999987892498932,4.507172057198745e-06,1.2493243548429436e-06,0.9999939464957122,2.2532471029625545e-06,6.245682320279559e-07,0.9999987893390002,4.505951122262674e-07,1.2489859289448518e-07
PF,16,True,1.5,50,0.9988954705676469,0.0010670490596848482,0.000295770909377059,0.9518460380195809,0.05330579216660195,0.014775611750069792,0.9929788992890886,0.0017639098294282836,0.0004889308599018155,30.08,0.9864386572361181,0.27342684579243487,50.16,4.137237567976674,1.14678374596085,79034338.0375,9038837.885287872,2505438.0365913073,4939646.12734375,564927.367830492,156589.8772869567,3976799.724375,705486.60088475,195550.90893256682,0.0,0.0,0.0,0.014698000000000006,0.005533455391654354,0.0015337955816861664,0.10647874008479605,0.04422924331538441,0.012259720767022772,0.9976690454924123,0.0023812406771919936,0.0006600462407480444,0.9982983393017137,0.0016904150263205289,0.0004685591398273058,0.9988954705676468,0.0010670490596848508,0.00029577090937705976,0.9994620889083248,0.0005055840631944949,0.0001401407524615127,0.9997345168569741,0.000246188052082094,6.82398465011474e-05,0.9999474477371606,4.821729288096343e-05,1.3365151708502135e-05
PF,16,True,2.0,50,0.9977894392962331,0.002383084277516901,0.0006605572606863281,0.8951919358878861,0.1311645960505643,0.03635697112502771,0.9913038084909326,0.0037952658733769315,0.0010519940283045194,30.92,1.5758379695014486,0.43679999999999997,52.64,5.220681009608002,1.4470989461678148,72118942.1825,13758381.013412312,3813628.648990979,4507433.88640625,859898.8133382695,238351.79056193618,3279202.246875,982234.7812480002,272261.5908187964,0.0,0.0,0.0,0.020590250000000015,0.008124246546697782,0.002251926251478946,0.16083734397064173,0.09117774883072773,0.0252731825606803,0.9952269216854487,0.0056013691293049,0.001552620309342109,0.9965548438445114,0.003877343391839623,0.0010747447557005892,0.9977894392962331,0.00238308427751688,0.0006605572606863222,0.9989355710779009,0.0010994278478677095,0.00030474585156781494,0.9994775363443165,0.000528447113561124,0.00014647806669903108,0.9998970218388734,0.00010245639552819847,2.839946392513672e-05
PF,16,True,2.5,50,0.9963586449485469,0.003538408934584006,0.0009807969172841236,0.8207217131321498,0.1878777861937668,0.05207706540755609,0.9891471191171639,0.005522412412206958,0.001530734623950677,31.78,1.9927419321536006,0.5523598826851928,55.96,7.496829261734047,2.078015052880994,64814878.44796875,17060780.653295986,4729007.127374484,4050929.902998047,1066298.7908309991,295562.94546090526,2612224.3191015627,1130952.7189651716,313484.1000184015,0.0,0.0,0.0,0.0265565,0.01008882528658642,0.002796479695545816,0.22754770008337252,0.1437333433591082,0.03984085013456121,0.9920380135267495,0.008441958220780182,0.002339991434527618,0.9942875471311653,0.005803701601888778,0.001608704009402083,0.9963586449485469,0.003538408934584009,0.0009807969172841245,0.9982584438844114,0.001618770517464633,0.00044870029515296664,0.9991480559894333,0.0007748631751845599,0.00021478111422057884,0.9998325292548678,0.00014974827199190936,4.150810328980709e-05
PF,16,True,3.0,50,0.9945780814094988,0.00449229711886507,0.001245201232294878,0.734203442777035,0.2301427945197188,0.06379232801327722,0.9865355515793897,0.006899325181297937,0.001912395371552296,32.74,2.405860192385693,0.6668704221960965,58.3,7.505780085632509,2.0804960946851114,57809154.982792966,19086351.811499834,5290466.807257282,3613072.1864245604,1192896.9882187396,330654.1754535801,2019356.2026806641,1180053.5678525625,327094.1609568352,0.0,0.0,0.0,0.032554249999999986,0.01151452709612727,0.003191664075196512,0.30075771764158504,0.18162401604891473,0.0503436087628126,0.9880453223044047,0.010777156617553674,0.002987275406263218,0.9914562242189995,0.007389819882820237,0.0020483535663486318,0.9945780814094989,0.0044922971188650854,0.0012452012322948824,0.9974191786269128,0.0020493861413862953,0.000568060856434841,0.9987405646944264,0.0009797305928722568,0.0002715674652147086,0.9997529088127375,0.00018916080611280006,5.243270038493326e-05
PF,16,True,3.5,50,0.9926768579485028,0.005249009681126644,0.0014549512532950868,0.6468117459151117,0.25817770573679916,0.07156320893924886,0.9838934240022307,0.007973796208818655,0.0022102235454536595,33.55700000000001,2.675322029061876,0.7415614326541031,61.08,8.905031826823231,2.4683488894400645,51494950.10800781,20143157.93381645,5583398.519249181,3218434.381750488,1258947.3708635282,348962.4074530738,1533891.61467041,1149739.956673071,318691.65662614506,0.0,0.0,0.0,0.03789275,0.012383331582582435,0.0034324843924044275,0.37556350721895165,0.20776260830885965,0.05758885689118208,0.9837397496831648,0.012614455493966423,0.0034965486721377464,0.9884162624453464,0.008642960294244805,0.0023957063667659393,0.9926768579485029,0.005249009681126638,0.0014549512532950853,0.9965287975339678,0.0023920636755907386,0.0006630462228477698,0.9983097551903347,0.00114293049853153,0.00031680417112713396,0.999668973611969,0.00022057434288904517,6.114008853614334e-05
PF,16,True,4.0,50,0.9907847609847251,0.0057531260140006495,0.0015946851716680717,0.566347954189267,0.27116213894063707,0.07516231020042151,0.9811811880526149,0.008551426539944663,0.0023703345045236867,34.33700000000001,2.6226799270974728,0.7269697864423255,64.5,9.179057797008161,2.544305013161747,46071509.03899353,20462864.622581568,5672016.692154854,2879469.3149370956,1278929.038911348,354501.04325967835,1157537.4370382691,1074200.7657763395,297753.26116780285,0.0,0.0,0.0,0.04229025,0.012452706781508368,0.0034517142164582513,0.44723289655598714,0.2244853983951082,0.06222417781315753,0.9793968456726262,0.013914543594081718,0.0038569147079364785,0.9853680405862739,0.009505991124502377,0.002634926308125628,0.9907847609847249,0.005753126014000657,0.0015946851716680738,0.9956503690353533,0.0026117747921379215,0.0007239470372495014,0.9978867087450852,0.0012454109791855187,0.00034521031110853334,0.999586867396845,0.00023995980480060096,6.651346443318843e-05
PF,32,False,,50,0.9999665804113285,9.815260050856188e-06,2.7206512808993723e-06,0.999956414112019,1.2490916969509771e-05,3.4623055402123635e-06,0.9967576601269295,0.00020028655994383095,5.551660200898905e-05,46.02,0.14142135623730953,0.039200000000000006,63.8,1.9691498217271743,0.5458204833093019,89515077.945,96153.77944162623,26652.467876116705,2797346.18578125,3004.80560755082,832.889621128647,2769178.18625,6628.750853874636,1837.3959943917819,0.0,0.0,0.0,0.0031502500000000076,0.000497240407609033,0.00013782800912732162,0.003662691245013816,0.0005307057106719343,0.00014710411787757584,0.9999331768461309,1.9613485719690912e-05,5.43658087199879e-06,0.9999498766043345,1.4716470567082383e-05,4.079197524181546e-06,0.9999665804113285,9.815260050883449e-06,2.7206512809069287e-06,0.9999832882242853,4.909790825912539e-06,1.3609245837864204e-06,0.9999916436195134,2.4554395260225606e-06,6.806131123404615e-07,0.999998328645344,4.911753376135604e-07,1.3614685749543107e-07
PF,32,True,1.5,50,0.9993577946714116,0.00040295493880115744,0.0001116934105376522,0.9591126036118784,0.03204321331408697,0.008881925582756002,0.9959062443806503,0.0007247865154669334,0.00020090057231970094,47.5,1.2817398889233114,0.3552801711325865,68.54,4.20014577006512,1.1642210099461356,79193193.02625,7571998.702097327,2098850.9587203925,2474787.2820703126,236624.95944054148,65589.09246001227,1985694.0746250001,280707.3797429879,77808.11596418663,0.0,0.0,0.0,0.012016250000000013,0.003005960808569062,0.0008332098265143111,0.10405043556576611,0.03031625420671198,0.008403236940458567,0.9986697292853373,0.0008645480010917439,0.00023964047965943273,0.9990197504568169,0.0006258840643853822,0.00017348621153609256,0.9993577946714116,0.00040295493880114605,0.00011169341053764904,0.9996843741564745,0.00019468208728540411,5.3963121445263756e-05,0.999843524558016,9.570769010132652e-05,2.6528818219480648e-05,0.9999689158875058,1.8886379349357708e-05,5.235037268717025e-06
PF,32,True,2.0,50,0.9988087205056568,0.0008699341834966567,0.00024113345325189558,0.9066332002575236,0.09829896740691939,0.0272470836433307,0.9949989186838399,0.001577575817076726,0.00043728170677161766,48.92,2.49767238583021,0.6923194638315464,71.44,6.1084083901802515,1.693164422021677,71080760.383125,12476264.546646534,3458244.0958059398,2221273.7619726565,389883.2670827042,108070.12799393562,1596603.9865624998,419927.0162103561,116397.83038018421,0.0,0.0,0.0,0.016427375000000008,0.004349131959852352,0.001205517874826001,0.15741778702550704,0.06637731072557415,0.01839885184014417,0.9975015514555801,0.0019402102988733654,0.0005377988568304432,0.9981704693055985,0.0013774802916103016,0.00038181805681819915,0.9988087205056569,0.0008699341834966604,0.00024113345325189658,0.9994179845650852,0.0004125086749893646,0.00011434157110223685,0.9997122893183339,0.00020096170890401876,5.570374375294851e-05,0.9999429749866781,3.937578995563387e-05,1.0914412132144695e-05
PF,32,True,2.5,50,0.9979784056085785,0.001505046415512964,0.0004171775823526114,0.8254145940768022,0.16900770910945098,0.04684654689616572,0.9936578416270332,0.0025989867399856415,0.000720402370038644,50.82,3.514924448341816,0.9742873498101059,77.14,8.189116719955896,2.269907346126709,62126625.515,15977870.216162298,4428839.668476636,1941457.04734375,499308.4442550718,138401.23963989486,1211532.6720703125,484736.155186649,134362.00718815948,0.0,0.0,0.0,0.021220624999999993,0.00612627840287358,0.0016981177368265712,0.2288823688593598,0.11921048624737798,0.03304346093991412,0.995704564874372,0.003410435785197514,0.0009453245700416566,0.9968751208095468,0.002401965078460436,0.0006657907516998396,0.9979784056085785,0.0015050464155129534,0.0004171775823526085,0.9990185507468808,0.0007083427056928206,0.00019634258079497278,0.9995163306929699,0.00034385787936501585,9.531254139926397e-05,0.9999043680532204,6.718970728299523e-05,1.8624036677132072e-05
PF,32,True,3.0,50,0.9970375161478685,0.0019023997570032144,0.0005273183093322083,0.7275234568884309,0.21657744564090067,0.06003220514217876,0.9921536112492355,0.0033946649320252056,0.0009409531125701478,52.83299999999999,4.036132848079584,1.1187589474055641,82.5,10.262374312536657,2.844585031247967,53306949.30884766,17648619.597427048,4891947.769601605,1665842.1659014893,551519.3624195952,152873.36780005015,874577.3492333986,475818.2684875032,131890.0951099023,0.0,0.0,0.0,0.025805750000000006,0.006559382865135161,0.0018181681688996796,0.3120467779922754,0.1639115858054459,0.04543397358452401,0.9936412708023235,0.004370979630802124,0.0012115737402484338,0.9953977395691846,0.0030565509536583414,0.0008472326992986166,0.9970375161478685,0.0019023997570032048,0.0005273183093322056,0.9985687079939481,0.0008897393194370006,0.0002466231568547851,0.9992962942578661,0.00043061788949111157,0.00011936118926568648,0.9998611172553139,8.394527285512674e-05,2.326844250029073e-05
PF,32,True,3.5,50,0.9959811702260319,0.002036692256087453,0.0005645422909440701,0.6226441400995892,0.23918777326963356,0.06629946821070037,0.9904800118838135,0.003542775140871971,0.0009820071679212412,54.765999999999984,4.176237932075491,1.1575940953546728,87.46,10.118098554933479,2.80459383155565,45364075.496276855,17932877.053419188,4970739.916497678,1417627.3592586517,560402.4079193496,155335.62239055242,603200.8211828612,420656.18664617505,116599.94611322907,0.0,0.0,0.0,0.03011562499999998,0.00601097996850432,0.0016661586413439144,0.39960642385881784,0.19048699569725916,0.052800301383070784,0.9913042421939822,0.0047606225721439676,0.0013195772533456354,0.9937315484928648,0.0033004885781488438,0.0009148487590964152,0.9959811702260319,0.002036692256087447,0.0005645422909440683,0.9980660192324247,0.0009444995961165388,0.0002618019311428483,0.9990509915485974,0.00045520777630097875,0.00012617715814473824,0.9998129921028469,8.844417030738219e-05,2.4515473251660992e-05
PF,32,True,4.0,50,0.9949700942679162,0.0020439288685489216,0.0005665481775798448,0.5220260794453132,0.24160605385757614,0.0669697813908984,0.9888966011085496,0.0035636566515468496,0.0009877952273786945,56.54,4.061818231646854,1.1258785724934994,92.12,9.445093748521893,2.618046416700819,38479731.27316711,17261345.235573754,4784600.793242712,1202491.6022864722,539417.0386116798,149518.77478883474,397607.92342910764,344568.7214217042,95509.57676480967,0.0,0.0,0.0,0.03338674999999998,0.006038035880641852,0.0016736581575698198,0.4850801229210605,0.20050118428685398,0.05557609284170589,0.9890314879230653,0.004840476497527485,0.001341711632185711,0.9921239934653066,0.0033317622851197384,0.0009235173884030237,0.9949700942679162,0.0020439288685489398,0.0005665481775798499,0.9975886648184102,0.0009435868663720856,0.00026154893536530437,0.9988189613223771,0.00045397225595056556,0.00012583468937605436,0.9997676120275842,8.810132284882268e-05,2.4420440784619874e-05
RR,2,False,,50,1.0,0.0,0.0,0.9999761770581905,2.6437792952737297e-05,7.328182329182692e-06,1.0,0.0,0.0,2.0,0.0,0.0,2.0,0.0,0.0,54360133.2,222212.02202823668,61594.03003383753,27180066.6,111106.01101411834,30797.015016918765,27080878.680000003,126911.35443155369,35178.032696623435,0.0,0.0,0.0,0.0,0.0,0.0,0.002027139986797697,0.0013727493917982069,0.0003805067182936066,1.0,0.0,0.0,1.0,0.0,0.0,1.0,0.0,0.0,1.0,0.0,0.0,1.0000000000000002,0.0,0.0,1.0,0.0,0.0
RR,2,True,1.5,50,1.0,0.0,0.0,0.9427226387955718,0.09986019205920095,0.02767983303845559,1.0,0.0,0.0,2.0,0.0,0.0,2.0,0.0,0.0,51704766.37375,4139882.069709631,1147516.7644432776,25852383.186875,2069941.0348548156,573758.3822216388,21820997.731062498,5774678.133862824,1600659.1145086396,0.0,0.0,0.0,0.0,0.0,0.0,0.0946354397554369,0.10327481612009654,0.028626318539291096,1.0,0.0,0.0,1.0,0.0,0.0,1.0,0.0,0.0,1.0,0.0,0.0,1.0000000000000002,0.0,0.0,1.0,0.0,0.0
RR,2,True,2.0,50,1.0,0.0,0.0,0.9161028164622439,0.12495430093990811,0.03463556514494918,1.0,0.0,0.0,2.0,0.0,0.0,2.0,0.0,0.0,50583950.3125,5076228.930692741,1407058.872701284,25291975.15625,2538114.4653463704,703529.436350642,20272783.440875,6809714.808213121,1887556.6433829076,0.0,0.0,0.0,0.0,0.0,0.0,0.12235127434751845,0.12396736126256562,0.03436199942346857,1.0,0.0,0.0,1.0,0.0,0.0,1.0,0.0,0.0,1.0,0.0,0.0,1.0000000000000002,0.0,0.0,1.0,0.0,0.0
RR,2,True,2.5,50,1.0,0.0,0.0,0.8904935278416682,0.14420976406605254,0.0399729072170918,1.0,0.0,0.0,2.0,0.0,0.0,2.0,0.0,0.0,49541408.188085936,5783337.091704327,1603059.2551692717,24770704.094042968,2891668.5458521633,801529.6275846359,18905693.150681637,7563213.347142457,2096415.7825674145,0.0,0.0,0.0,0.0,0.0,0.0,0.14740752304838137,0.13945217688735234,0.03865417133188292,1.0,0.0,0.0,1.0,0.0,0.0,1.0,0.0,0.0,1.0,0.0,0.0,1.0000000000000002,0.0,0.0,1.0,0.0,0.0
RR,2,True,3.0,50,1.0,0.0,0.0,0.8665782850320087,0.1595760826791004,0.044232233429610204,1.0,0.0,0.0,2.0,0.0,0.0,2.0,0.0,0.0,48593015.27671875,6330118.246794764,1754619.2589043404,24296507.638359375,3165059.123397382,877309.6294521702,17703407.08488281,8122681.730756439,2251492.5066292803,0.0,0.0,0.0,0.0,0.0,0.0,0.170004601385304,0.15144293638461634,0.04197784029390313,1.0,0.0,0.0,1.0,0.0,0.0,1.0,0.0,0.0,1.0,0.0,0.0,1.0000000000000002,0.0,0.0,1.0,0.0,0.0
RR,2,True,3.5,50,1.0,0.0,0.0,0.8447486644258936,0.17181023635736123,0.04762336781657702,1.0,0.0,0.0,2.0,0.0,0.0,2.0,0.0,0.0,47741942.55655395,6750525.176846077,1871150.1146144043,23870971.278276976,3375262.5884230384,935575.0573072021,16648460.476726258,8535809.158088563,2366005.5871306737,0.0,0.0,0.0,0.0,0.0,0.0,0.19030241316258323,0.16087542792089876,0.04459239355558882,1.0,0.0,0.0,1.0,0.0,0.0,1.0,0.0,0.0,1.0,0.0,0.0,1.0000000000000002,0.0,0.0,1.0,0.0,0.0
RR,2,True,4.0,50,1.0,0.0,0.0,0.82512263483449,0.1812309459316174,0.05023465528500688,1.0,0.0,0.0,2.0,0.0,0.0,2.0,0.0,0.0,46984162.54608429,7064962.529860218,1958307.7021676663,23492081.273042146,3532481.264930109,979153.8510838331,15723248.902780075,8832935.762897259,2448364.8800860904,0.0,0.0,0.0,0.0,0.0,0.0,0.20842791142373965,0.1681694064562225,0.04661418125577818,1.0,0.0,0.0,1.0,0.0,0.0,1.0,0.0,0.0,1.0,0.0,0.0,1.0000000000000002,0.0,0.0,1.0,0.0,0.0
RR,4,False,,50,1.0,0.0,0.0,0.9999448399784907,4.442091926434578e-05,1.2312850629436746e-05,1.0,0.0,0.0,4.0,0.0,0.0,4.0,0.0,0.0,54381936.48,247072.9719809093,68485.133782761,13595484.12,61768.24299522732,17121.28344569025,13487088.555,77557.37508726731,21497.807575252245,0.0,0.0,0.0,0.0,0.0,0.0,0.0036141066135299527,0.0016724479125110937,0.00046357890996620896,0.9999999999999999,0.0,0.0,1.0,0.0,0.0,1.0,0.0,0.0,1.0,0.0,0.0,1.0,0.0,0.0,1.0,0.0,0.0
RR,4,True,1.5,50,1.0,0.0,0.0,0.9232402757156983,0.124854879014635,0.03460800679326595,1.0,0.0,0.0,4.0,0.0,0.0,4.0,0.0,0.0,50340649.61625,5814933.230622192,1611817.2580518203,12585162.4040625,1453733.307655548,402954.3145129551,9923296.4839375,2734209.0827650744,757884.0911731734,0.0,0.0,0.0,0.0,0.0,0.0,0.12829576160088316,0.11373659064412431,0.0315261744892915,0.9999999999999999,0.0,0.0,1.0,0.0,0.0,1.0,0.0,0.0,1.0,0.0,0.0,1.0,0.0,0.0,1.0,0.0,0.0
RR,4,True,2.0,50,1.0,0.0,0.0,0.8817624385804607,0.15650946034304103,0.04338220908553725,1.0,0.0,0.0,4.0,0.0,0.0,4.0,0.0,0.0,48340343.9475,7115009.040883097,1972179.8872767163,12085085.986875,1778752.2602207742,493044.9718191791,8751000.942062499,3227887.7599938693,894724.8390082822,0.0,0.0,0.0,0.0,0.0,0.0,0.17207759436726644,0.1438379443664744,0.03986984405455922,0.9999999999999999,0.0,0.0,1.0,0.0,0.0,1.0,0.0,0.0,1.0,0.0,0.0,1.0,0.0,0.0,1.0,0.0,0.0
RR,4,True,2.5,50,1.0,0.0,0.0,0.8391989283675367,0.1786724008758511,0.049525462777916654,1.0,0.0,0.0,4.0,0.0,0.0,4.0,0.0,0.0,46368270.57792969,8047638.081368315,2230691.4682692876,11592067.644482423,2011909.5203420788,557672.8670673219,7696226.5168925775,3541498.009872757,981653.1652691581,0.0,0.0,0.0,0.0,0.0,0.0,0.2130763110561383,0.16303563112489242,0.045191171334628466,0.9999999999999999,0.0,0.0,1.0,0.0,0.0,1.0,0.0,0.0,1.0,0.0,0.0,1.0,0.0,0.0,1.0,0.0,0.0
RR,4,True,3.0,50,1.0,0.0,0.0,0.7969087426923659,0.19679836266448864,0.054549723052456,1.0,0.0,0.0,4.0,0.0,0.0,4.0,0.0,0.0,44485926.516342774,8794259.58335962,2437644.3900680807,11121481.629085694,2198564.895839905,609411.0975170202,6765851.722015869,3733376.201575922,1034839.0865110852,0.0,0.0,0.0,0.0,0.0,0.0,0.25174413873894697,0.17710271076941306,0.049090366878616135,0.9999999999999999,0.0,0.0,1.0,0.0,0.0,1.0,0.0,0.0,1.0,0.0,0.0,1.0,0.0,0.0,1.0,0.0,0.0
RR,4,True,3.5,50,1.0,0.0,0.0,0.7564397352930822,0.21206843165906006,0.058782370231873174,1.0,0.0,0.0,4.0,0.0,0.0,4.0,0.0,0.0,42736852.06724854,9394625.821849056,2604057.421133166,10684213.016812135,2348656.455462264,651014.3552832915,5958686.5243375255,3831834.563965891,1062130.3521895893,0.0,0.0,0.0,0.0,0.0,0.0,0.28809426335799915,0.18847356591626038,0.0522422071212486,0.9999999999999999,0.0,0.0,1.0,0.0,0.0,1.0,0.0,0.0,1.0,0.0,0.0,1.0,0.0,0.0,1.0,0.0,0.0
RR,4,True,4.0,50,1.0,0.0,0.0,0.7189610438434159,0.2242922343059016,0.062170635459312514,1.0,0.0,0.0,4.0,0.0,0.0,4.0,0.0,0.0,41144049.91666718,9852844.349395905,2731069.116945893,10286012.479166795,2463211.087348976,682767.2792364733,5266208.321802445,3856221.824584383,1068890.1559538858,0.0,0.0,0.0,0.0,0.0,0.0,0.3218334664779776,0.19775647592812007,0.05481529849971255,0.9999999999999999,0.0,0.0,1.0,0.0,0.0,1.0,0.0,0.0,1.0,0.0,0.0,1.0,0.0,0.0,1.0,0.0,0.0
RR,8,False,,50,1.0,0.0,0.0,0.9998735038596106,7.513549582590268e-05,2.082649689367325e-05,1.0,0.0,0.0,8.0,0.0,0.0,8.0,0.0,0.0,54453946.29,272441.31156726344,75516.87876275103,6806743.28625,34055.16394590793,9439.609845343879,6703960.498500001,47444.77828975908,13151.021588547726,0.0,0.0,0.0,0.0,0.0,0.0,0.0059963369708888915,0.001738129968197741,0.0004817850469417029,0.9999999999999999,0.0,0.0,1.0,0.0,0.0,1.0,0.0,0.0,0.9999999999999999,1.1214946133455537e-16,3.1086244689504386e-17,1.0000000000000002,0.0,0.0,1.0000000000000002,0.0,0.0
RR,8,True,1.5,50,1.0,0.0,0.0,0.9037036942857734,0.12930917262127625,0.035842673989409504,1.0,0.0,0.0,8.0,0.0,0.0,8.0,0.0,0.0,48604075.13,7071024.49580514,1959987.9934006408,6075509.39125,883878.0619756425,244998.4991750801,4575716.626499999,1217533.5482306501,337483.0814841963,0.0,0.0,0.0,0.0,0.0,0.0,0.14836058072131242,0.09539589637352562,0.026442393407450943,0.9999999999999999,0.0,0.0,1.0,0.0,0.0,1.0,0.0,0.0,0.9999999999999999,1.1214946133455537e-16,3.1086244689504386e-17,1.0000000000000002,0.0,0.0,1.0000000000000002,0.0,0.0
RR,8,True,2.0,50,1.0,0.0,0.0,0.8396604926454643,0.18285950819715005,0.05068606971425161,1.0,0.0,0.0,8.0,0.0,0.0,8.0,0.0,0.0,45257283.686875,9200658.485219352,2550292.4184618196,5657160.460859375,1150082.310652419,318786.55230772746,3804668.8303437503,1473294.2323180928,408376.32620321965,0.0,0.0,0.0,0.0,0.0,0.0,0.20981470531795401,0.14442776858614376,0.04003333498709023,0.9999999999999999,0.0,0.0,1.0,0.0,0.0,1.0,0.0,0.0,0.9999999999999999,1.1214946133455537e-16,3.1086244689504386e-17,1.0000000000000002,0.0,0.0,1.0000000000000002,0.0,0.0
RR,8,True,2.5,50,1.0,0.0,0.0,0.7744046938468597,0.2150687585129585,0.05961401840582691,1.0,0.0,0.0,8.0,0.0,0.0,8.0,0.0,0.0,41963569.295234375,10437014.115371307,2892992.714876957,5245446.161904297,1304626.7644214134,361624.0893596196,3123709.9394218754,1588212.1589403758,440229.95031946927,0.0,0.0,0.0,0.0,0.0,0.0,0.2702630040035727,0.17802762108491946,0.049346738938201046,0.9999999999999999,0.0,0.0,1.0,0.0,0.0,1.0,0.0,0.0,0.9999999999999999,1.1214946133455537e-16,3.1086244689504386e-17,1.0000000000000002,0.0,0.0,1.0000000000000002,0.0,0.0
RR,8,True,3.0,50,1.0,0.0,0.0,0.7104512153549808,0.23256352644558703,0.06446332066968198,1.0,0.0,0.0,8.0,0.0,0.0,8.0,0.0,0.0,38862269.05419434,11139598.38802889,3087739.1394690247,4857783.631774292,1392449.7985036112,385967.3924336281,2543519.539174072,1615020.5920595613,447660.86886128155,0.0,0.0,0.0,0.0,0.0,0.0,0.32726802204800237,0.1986458240348595,0.055061813217940014,0.9999999999999999,0.0,0.0,1.0,0.0,0.0,1.0,0.0,0.0,0.9999999999999999,1.1214946133455537e-16,3.1086244689504386e-17,1.0000000000000002,0.0,0.0,1.0000000000000002,0.0,0.0
RR,8,True,3.5,50,1.0,0.0,0.0,0.6491126949855317,0.24287786111527784,0.0673223083771214,1.0,0.0,0.0,8.0,0.0,0.0,8.0,0.0,0.0,36026412.898725584,11543039.019149981,3199567.177049211,4503301.612340698,1442879.8773937477,399945.8971311514,2063267.4605494994,1587082.7457454754,439916.89295375004,0.0,0.0,0.0,0.0,0.0,0.0,0.38013528387013046,0.20963813630838082,0.05810872672935462,0.9999999999999999,0.0,0.0,1.0,0.0,0.0,1.0,0.0,0.0,0.9999999999999999,1.1214946133455537e-16,3.1086244689504386e-17,1.0000000000000002,0.0,0.0,1.0000000000000002,0.0,0.0
RR,8,True,4.0,50,1.0,0.0,0.0,0.5923358843044148,0.24971143381335395,0.06921647809018142,1.0,0.0,0.0,8.0,0.0,0.0,8.0,0.0,0.0,33492209.02852905,11756313.900376908,3258683.958039959,4186526.1285661315,1469539.2375471136,407335.49475499487,1674663.997380142,1523046.3473800514,422166.90891518386,0.0,0.0,0.0,0.0,0.0,0.0,0.42903760180224215,0.21512988686038018,0.059630962319268864,0.9999999999999999,0.0,0.0,1.0,0.0,0.0,1.0,0.0,0.0,0.9999999999999999,1.1214946133455537e-16,3.1086244689504386e-17,1.0000000000000002,0.0,0.0,1.0000000000000002,0.0,0.0
RR,16,False,,50,1.0,0.0,0.0,0.9997061615477341,9.987348503045449e-05,2.7683517662100864e-05,1.0,0.0,0.0,16.0,0.0,0.0,16.0,0.0,0.0,54349809.455,246404.49004406194,68299.84004338797,3396863.0909375,15400.280627753871,4268.740002711748,3313204.93375,23340.68802314703,6469.708641260944,0.0,0.0,0.0,0.0,0.0,0.0,0.009376609580288596,0.001590480889686027,0.0004408588103982843,0.9999999999999999,0.0,0.0,1.0,0.0,0.0,1.0,0.0,0.0,0.9999999999999999,0.0,0.0,1.0,0.0,0.0,1.0000000000000002,0.0,0.0
RR,16,True,1.5,50,1.0,0.0,0.0,0.9027916881839805,0.09421759678413227,0.026115785424518635,1.0,0.0,0.0,16.0,0.0,0.0,16.0,0.0,0.0,47265210.7025,6593882.346475473,1827730.9372433154,2954075.66890625,412117.64665471704,114233.18357770721,2172004.6878125,492617.4960241317,136546.60341216184,0.0,0.0,0.0,0.0,0.0,0.0,0.1521305735954185,0.06275800478596073,0.01739563141709313,0.9999999999999999,0.0,0.0,1.0,0.0,0.0,1.0,0.0,0.0,0.9999999999999999,0.0,0.0,1.0,0.0,0.0,1.0000000000000002,0.0,0.0
RR,16,True,2.0,50,1.0,0.0,0.0,0.819506406709951,0.16374384829188426,0.04538747911787087,1.0,0.0,0.0,16.0,0.0,0.0,16.0,0.0,0.0,42394876.43875,9440689.894266253,2616825.730579471,2649679.777421875,590043.1183916408,163551.60816121695,1703071.120859375,621971.627926396,172401.7394784572,0.0,0.0,0.0,0.0,0.0,0.0,0.2223179984304916,0.11225451254619154,0.031115363399759344,0.9999999999999999,0.0,0.0,1.0,0.0,0.0,1.0,0.0,0.0,0.9999999999999999,0.0,0.0,1.0,0.0,0.0,1.0000000000000002,0.0,0.0
RR,16,True,2.5,50,1.0,0.0,0.0,0.7244043444281913,0.2104237697359344,0.0583264932052214,1.0,0.0,0.0,16.0,0.0,0.0,16.0,0.0,0.0,37486651.94,11231649.209050218,3113254.3252941496,2342915.74625,701978.0755656386,194578.39533088435,1290513.4935839844,668009.847953315,185162.88300777596,0.0,0.0,0.0,0.0,0.0,0.0,0.30047214549777934,0.15731175627530494,0.043604594172072346,0.9999999999999999,0.0,0.0,1.0,0.0,0.0,1.0,0.0,0.0,0.9999999999999999,0.0,0.0,1.0,0.0,0.0,1.0000000000000002,0.0,0.0
RR,16,True,3.0,50,1.0,0.0,0.0,0.6291439748434255,0.23980411484566883,0.06647030937941353,1.0,0.0,0.0,16.0,0.0,0.0,16.0,0.0,0.0,33001216.961933594,12194955.437941723,3380269.189083051,2062576.0601208496,762184.7148713577,211266.82431769068,956024.799807129,656871.5135362657,182075.4942231877,0.0,0.0,0.0,0.0,0.0,0.0,0.37991669936276135,0.1870028405583951,0.051834542850715266,0.9999999999999999,0.0,0.0,1.0,0.0,0.0,1.0,0.0,0.0,0.9999999999999999,0.0,0.0,1.0,0.0,0.0,1.0000000000000002,0.0,0.0
RR,16,True,3.5,50,1.0,0.0,0.0,0.5429601944717652,0.25307661743940896,0.07014925940165462,1.0,0.0,0.0,16.0,0.0,0.0,16.0,0.0,0.0,29144841.05391846,12553682.399694042,3479703.22984486,1821552.5658699037,784605.1499808776,217481.45186530374,701205.2046240234,609490.874330448,168942.25108166802,0.0,0.0,0.0,0.0,0.0,0.0,0.45583308244325066,0.205508430650256,0.05696403072229013,0.9999999999999999,0.0,0.0,1.0,0.0,0.0,1.0,0.0,0.0,0.9999999999999999,0.0,0.0,1.0,0.0,0.0,1.0000000000000002,0.0,0.0
RR,16,True,4.0,50,1.0,0.0,0.0,0.46942568963580994,0.2548473364230075,0.07064007766279891,1.0,0.0,0.0,16.0,0.0,0.0,16.0,0.0,0.0,25944424.846367035,12509134.997168217,3467355.319844039,1621526.5528979397,781820.9373230136,216709.70749025245,513732.88400138856,544218.4233412133,150849.65073575947,0.0,0.0,0.0,0.0,0.0,0.0,0.5242306100377497,0.21458628157483797,0.059480282621660135,0.9999999999999999,0.0,0.0,1.0,0.0,0.0,1.0,0.0,0.0,0.9999999999999999,0.0,0.0,1.0,0.0,0.0,1.0000000000000002,0.0,0.0
RR,32,False,,50,0.9999974400065536,0.0,0.0,0.9994023791661725,0.00013400278966978153,3.714367825917952e-05,1.0,0.0,0.0,32.0,0.0,0.0,32.0,0.0,0.0,54433534.3125,264851.0289225891,73412.9597537157,1701047.947265625,8276.594653830909,2294.1549923036155,1637054.261875,12690.698511226752,3517.682158310724,0.0,0.0,0.0,0.0007999999999999119,0.0,0.0,0.013617324281404474,0.0014864192252917708,0.0004120143886448273,0.9999948800502436,1.1214946133455537e-16,3.1086244689504386e-17,0.9999961600221186,2.2429892266911074e-16,6.217248937900877e-17,0.9999974400065536,0.0,0.0,0.9999987200002727,1.1214946133455537e-16,3.1086244689504386e-17,0.9999993599995903,1.1214946133455537e-16,3.1086244689504386e-17,0.9999998719998505,1.1214946133455537e-16,3.1086244689504386e-17
RR,32,True,1.5,50,0.9999974400065536,0.0,0.0,0.9032138073934373,0.07123780436505947,0.01974611194100268,1.0,0.0,0.0,32.0,0.0,0.0,32.0,0.0,0.0,46751196.9975,5746371.2778912345,1592812.8543424993,1460974.906171875,179574.10243410108,49775.4016982031,1047182.396,199869.02931657925,55400.86842373901,0.0,0.0,0.0,0.0007999999999999119,0.0,0.0,0.15815035739170674,0.046866497273502714,0.012990730268761406,0.9999948800502436,1.1214946133455537e-16,3.1086244689504386e-17,0.9999961600221186,2.2429892266911074e-16,6.217248937900877e-17,0.9999974400065536,0.0,0.0,0.9999987200002727,1.1214946133455537e-16,3.1086244689504386e-17,0.9999993599995903,1.1214946133455537e-16,3.1086244689504386e-17,0.9999998719998505,1.1214946133455537e-16,3.1086244689504386e-17
RR,32,True,2.0,50,0.9999974400065536,0.0,0.0,0.8130300058738424,0.14089909881068013,0.03905523762698529,1.0,0.0,0.0,32.0,0.0,0.0,32.0,0.0,0.0,40914009.400625,8709119.436661499,2414044.7454361487,1278562.7937695312,272159.98239567183,75438.89829487965,785283.5460078124,258731.85378911885,71716.81094271489,0.0,0.0,0.0,0.0007999999999999119,0.0,0.0,0.23194541774782695,0.08911530672481596,0.02470150277551351,0.9999948800502436,1.1214946133455537e-16,3.1086244689504386e-17,0.9999961600221186,2.2429892266911074e-16,6.217248937900877e-17,0.9999974400065536,0.0,0.0,0.9999987200002727,1.1214946133455537e-16,3.1086244689504386e-17,0.9999993599995903,1.1214946133455537e-16,3.1086244689504386e-17,0.9999998719998505,1.1214946133455537e-16,3.1086244689504386e-17
RR,32,True,2.5,50,0.9999974400065536,0.0,0.0,0.7025596611231409,0.19197883860996695,0.05321381914116676,1.0,0.0,0.0,32.0,0.0,0.0,32.0,0.0,0.0,34845864.79109375,10361057.126017045,2871938.5115945986,1088933.2747216797,323783.03518803266,89748.07848733121,553801.8637304688,263963.8093562984,73167.03503679928,0.0,0.0,0.0,0.0007999999999999119,0.0,0.0,0.31933558105356535,0.13519387253450407,0.037473829585254886,0.9999948800502436,1.1214946133455537e-16,3.1086244689504386e-17,0.9999961600221186,2.2429892266911074e-16,6.217248937900877e-17,0.9999974400065536,0.0,0.0,0.9999987200002727,1.1214946133455537e-16,3.1086244689504386e-17,0.9999993599995903,1.1214946133455537e-16,3.1086244689504386e-17,0.9999998719998505,1.1214946133455537e-16,3.1086244689504386e-17
RR,32,True,3.0,50,0.9999974400065536,0.0,0.0,0.5879225414520236,0.21511756460737855,0.05962754676499535,1.0,0.0,0.0,32.0,0.0,0.0,32.0,0.0,0.0,29258197.389521483,10825436.192561451,3000657.821696493,914318.6684225464,338294.88101754535,93770.5569280154,370682.86564892577,233401.8371010911,64695.68852818714,0.0,0.0,0.0,0.0007999999999999119,0.0,0.0,0.4117181683081052,0.16609223488562178,0.04603841867130039,0.9999948800502436,1.1214946133455537e-16,3.1086244689504386e-17,0.9999961600221186,2.2429892266911074e-16,6.217248937900877e-17,0.9999974400065536,0.0,0.0,0.9999987200002727,1.1214946133455537e-16,3.1086244689504386e-17,0.9999993599995903,1.1214946133455537e-16,3.1086244689504386e-17,0.9999998719998505,1.1214946133455537e-16,3.1086244689504386e-17
RR,32,True,3.5,50,0.9999974400065536,0.0,0.0,0.4817312957818729,0.21614929817684359,0.05991352871990719,1.0,0.0,0.0,32.0,0.0,0.0,32.0,0.0,0.0,24478469.15727905,10516616.894748492,2915057.479595727,764952.1611649704,328644.2779608904,91095.54623736646,237247.9997585144,188509.40596128156,52252.14147488663,0.0,0.0,0.0,0.0007999999999999119,0.0,0.0,0.5014639754223413,0.1792170398250559,0.04967642899247481,0.9999948800502436,1.1214946133455537e-16,3.1086244689504386e-17,0.9999961600221186,2.2429892266911074e-16,6.217248937900877e-17,0.9999974400065536,0.0,0.0,0.9999987200002727,1.1214946133455537e-16,3.1086244689504386e-17,0.9999993599995903,1.1214946133455537e-16,3.1086244689504386e-17,0.9999998719998505,1.1214946133455537e-16,3.1086244689504386e-17
RR,32,True,4.0,50,0.9999974400065536,0.0,0.0,0.3911388509264966,0.20236799278180492,0.05609354575652083,1.0,0.0,0.0,32.0,0.0,0.0,32.0,0.0,0.0,20581529.998286437,9814073.778965065,2720322.4631071435,643172.8124464512,306689.8055926583,85010.07697209824,146486.25685591126,143384.0352870791,39744.02687683087,0.0,0.0,0.0,0.0007999999999999119,0.0,0.0,0.5834141549980759,0.17886238363082244,0.049578123310901355,0.9999948800502436,1.1214946133455537e-16,3.1086244689504386e-17,0.9999961600221186,2.2429892266911074e-16,6.217248937900877e-17,0.9999974400065536,0.0,0.0,0.9999987200002727,1.1214946133455537e-16,3.1086244689504386e-17,0.9999993599995903,1.1214946133455537e-16,3.1086244689504386e-17,0.9999998719998505,1.1214946133455537e-16,3.1086244689504386e-17
